nose_x,nose_y,nose_z,left_eye_inner_x,left_eye_inner_y,left_eye_inner_z,left_eye_x,left_eye_y,left_eye_z,left_eye_outer_x,left_eye_outer_y,left_eye_outer_z,right_eye_inner_x,right_eye_inner_y,right_eye_inner_z,right_eye_x,right_eye_y,right_eye_z,right_eye_outer_x,right_eye_outer_y,right_eye_outer_z,left_ear_x,left_ear_y,left_ear_z,right_ear_x,right_ear_y,right_ear_z,mouth_left_x,mouth_left_y,mouth_left_z,mouth_right_x,mouth_right_y,mouth_right_z,left_shoulder_x,left_shoulder_y,left_shoulder_z,right_shoulder_x,right_shoulder_y,right_shoulder_z,left_elbow_x,left_elbow_y,left_elbow_z,right_elbow_x,right_elbow_y,right_elbow_z,left_wrist_x,left_wrist_y,left_wrist_z,right_wrist_x,right_wrist_y,right_wrist_z,left_pinky_1_x,left_pinky_1_y,left_pinky_1_z,right_pinky_1_x,right_pinky_1_y,right_pinky_1_z,left_index_1_x,left_index_1_y,left_index_1_z,right_index_1_x,right_index_1_y,right_index_1_z,left_thumb_2_x,left_thumb_2_y,left_thumb_2_z,right_thumb_2_x,right_thumb_2_y,right_thumb_2_z,left_hip_x,left_hip_y,left_hip_z,right_hip_x,right_hip_y,right_hip_z,left_knee_x,left_knee_y,left_knee_z,right_knee_x,right_knee_y,right_knee_z,left_ankle_x,left_ankle_y,left_ankle_z,right_ankle_x,right_ankle_y,right_ankle_z,left_heel_x,left_heel_y,left_heel_z,right_heel_x,right_heel_y,right_heel_z,left_foot_index_x,left_foot_index_y,left_foot_index_z,right_foot_index_x,right_foot_index_y,right_foot_index_z
0.43493592739105225,-0.39257508516311646,-0.11822142452001572,0.4468540549278259,-0.43839678168296814,-0.10903389751911163,0.44753095507621765,-0.43863576650619507,-0.10861190408468246,0.44784316420555115,-0.439204603433609,-0.10854308307170868,0.43718990683555603,-0.4356662929058075,-0.13879430294036865,0.4381626546382904,-0.43602824211120605,-0.13963207602500916,0.4388219714164734,-0.4372411370277405,-0.13891224563121796,0.3810912072658539,-0.5003016591072083,-0.026261696591973305,0.34102070331573486,-0.49734580516815186,-0.17371463775634766,0.39867061376571655,-0.3987392485141754,-0.08662418276071548,0.38686951994895935,-0.39726775884628296,-0.1263694167137146,0.3056943416595459,-0.35291141271591187,0.08457273989915848,0.15472881495952606,-0.4185786843299866,-0.1860981583595276,0.21420148015022278,-0.15805350244045258,0.10533391684293747,0.050274983048439026,-0.20492130517959595,-0.2162027209997177,0.321927547454834,-0.0575365275144577,-0.04110996052622795,0.23381659388542175,-0.0769229605793953,-0.2608986794948578,0.3370727300643921,-0.022776082158088684,-0.05832963436841965,0.27396664023399353,-0.023765861988067627,-0.2868296504020691,0.3707966208457947,-0.036771103739738464,-0.0806075856089592,0.31569385528564453,-0.06258326768875122,-0.28384315967559814,0.3368787169456482,-0.056181132793426514,-0.05313023924827576,0.26179012656211853,-0.08086184412240982,-0.25869888067245483,0.0644446611404419,0.019848357886075974,0.09511213004589081,-0.06448356807231903,-0.02023361809551716,-0.09359019994735718,0.02427607774734497,0.35603123903274536,-0.057815808802843094,-0.011374086141586304,0.384011447429657,-0.13671079277992249,-0.03211668133735657,0.7139898538589478,-0.10087132453918457,-0.03907826542854309,0.739406943321228,-0.14942297339439392,-0.029810398817062378,0.7620999813079834,-0.1142851933836937,-0.042182743549346924,0.7847704887390137,-0.16062165796756744,0.08871117234230042,0.8039907813072205,-0.20966579020023346,0.06192672252655029,0.8170130252838135,-0.27659186720848083
0.41970309615135193,-0.41027116775512695,-0.10988783091306686,0.4324856102466583,-0.45451033115386963,-0.10049454867839813,0.4331219494342804,-0.4548094868659973,-0.10001170635223389,0.43324053287506104,-0.455414742231369,-0.0998966172337532,0.4239588975906372,-0.4527015686035156,-0.12997788190841675,0.42487531900405884,-0.4530890882015228,-0.1307290643453598,0.425325483083725,-0.4543631076812744,-0.13005484640598297,0.3691406846046448,-0.5182425379753113,-0.017307767644524574,0.3318195939064026,-0.5174130201339722,-0.1622125655412674,0.3837227523326874,-0.4182931184768677,-0.07745714485645294,0.37270137667655945,-0.4170888066291809,-0.11682132631540298,0.298025518655777,-0.37986084818840027,0.08760170638561249,0.140839621424675,-0.43909770250320435,-0.17649218440055847,0.2132054716348648,-0.1876555234193802,0.09527003765106201,0.0409734770655632,-0.21301989257335663,-0.2142767757177353,0.3098277747631073,-0.10332157462835312,-0.07723043859004974,0.21213726699352264,-0.09302748739719391,-0.26763370633125305,0.31425443291664124,-0.05999281629920006,-0.10182075202465057,0.24802523851394653,-0.03330034390091896,-0.29618528485298157,0.34411612153053284,-0.08099707961082458,-0.12092233449220657,0.2918640971183777,-0.07202444970607758,-0.29961955547332764,0.3209298551082611,-0.10530479997396469,-0.08945885300636292,0.23991145193576813,-0.09680124372243881,-0.2681228518486023,0.06539225578308105,0.019190620630979538,0.09497389942407608,-0.06539824604988098,-0.019636735320091248,-0.09346284717321396,0.027574261650443077,0.3828338086605072,0.05887918919324875,-0.02480427734553814,0.3845664858818054,-0.10892529040575027,-0.041552603244781494,0.7322943806648254,0.09241274744272232,-0.08376166224479675,0.7511290907859802,-0.08528786897659302,-0.04179808497428894,0.7817100286483765,0.0865643098950386,-0.0896202027797699,0.7995277047157288,-0.09289577603340149,0.06853224337100983,0.8479147553443909,0.01597755029797554,0.012022528797388077,0.8493063449859619,-0.20703521370887756
0.4163774251937866,-0.4108026623725891,-0.13554850220680237,0.43020471930503845,-0.4543061852455139,-0.12486027926206589,0.4308437705039978,-0.4546196758747101,-0.12423139810562134,0.4309101700782776,-0.455267995595932,-0.12412399798631668,0.4202442467212677,-0.45384886860847473,-0.15244799852371216,0.42116600275039673,-0.4542492926120758,-0.1531580239534378,0.42164015769958496,-0.4555014669895172,-0.15234209597110748,0.3697893023490906,-0.5169556140899658,-0.03331328183412552,0.32975125312805176,-0.5212736129760742,-0.17109112441539764,0.3822893500328064,-0.4176524877548218,-0.0997517853975296,0.36986204981803894,-0.41868165135383606,-0.1370384842157364,0.3015032410621643,-0.376797616481781,0.07192154973745346,0.13191503286361694,-0.44997638463974,-0.17742130160331726,0.21289825439453125,-0.18398071825504303,0.05730261281132698,0.019448742270469666,-0.21971221268177032,-0.21429729461669922,0.304457426071167,-0.10086799412965775,-0.13639028370380402,0.17760156095027924,-0.09272997826337814,-0.2750106453895569,0.3070443868637085,-0.05868609994649887,-0.16403265297412872,0.2125648856163025,-0.024277640506625175,-0.3043200969696045,0.33630871772766113,-0.0789572224020958,-0.18418572843074799,0.25891879200935364,-0.05958554893732071,-0.30942296981811523,0.314022034406662,-0.10249364376068115,-0.14948253333568573,0.20683379471302032,-0.09408588707447052,-0.27615290880203247,0.071017324924469,0.019276434555649757,0.09497939050197601,-0.07088938355445862,-0.01973056048154831,-0.09347216784954071,0.07320204377174377,0.38301295042037964,0.12792988121509552,-0.03194380924105644,0.381716251373291,-0.14835943281650543,-0.024067522957921028,0.736650824546814,0.21061593294143677,-0.09890644252300262,0.7521890997886658,-0.1672489047050476,-0.026564588770270348,0.7882238626480103,0.20951351523399353,-0.10553037375211716,0.8010675311088562,-0.18069452047348022,0.07853550463914871,0.8681271076202393,0.1516709178686142,-0.011840298771858215,0.8487952947616577,-0.31160759925842285
0.41706034541130066,-0.41588154435157776,-0.16541564464569092,0.4306562840938568,-0.4585437476634979,-0.15461240708827972,0.4312989413738251,-0.45886918902397156,-0.15385644137859344,0.4313686192035675,-0.4596386253833771,-0.15373267233371735,0.4199730455875397,-0.46042129397392273,-0.1806918978691101,0.42091017961502075,-0.4608282744884491,-0.1813683956861496,0.42140626907348633,-0.462049663066864,-0.18055632710456848,0.3704601228237152,-0.5158511996269226,-0.0577261857688427,0.32892340421676636,-0.5275260210037231,-0.19115050137043,0.38312628865242004,-0.4196513593196869,-0.12810342013835907,0.37036117911338806,-0.42368486523628235,-0.16408666968345642,0.3049933910369873,-0.3726990520954132,0.0534859374165535,0.1292111873626709,-0.45605701208114624,-0.1895865797996521,0.20897212624549866,-0.18082118034362793,0.04571591690182686,0.006570951547473669,-0.22619546949863434,-0.21850287914276123,0.30336567759513855,-0.09558311104774475,-0.14407743513584137,0.15895973145961761,-0.09248284995555878,-0.2857361435890198,0.30633676052093506,-0.05524631217122078,-0.17243513464927673,0.19381839036941528,-0.020005997270345688,-0.3157136142253876,0.3375295400619507,-0.07399079203605652,-0.19258476793766022,0.2399379163980484,-0.05146210640668869,-0.3226828873157501,0.31311407685279846,-0.09645120054483414,-0.15711992979049683,0.18793925642967224,-0.09122608602046967,-0.287389874458313,0.07653199881315231,0.01936366595327854,0.09500795602798462,-0.07630836218595505,-0.019839085638523102,-0.09349630773067474,0.08431300520896912,0.38960155844688416,0.2039606124162674,-0.04879681020975113,0.38449031114578247,-0.1666586697101593,0.006782379932701588,0.7362749576568604,0.34516918659210205,-0.10989881306886673,0.7603012323379517,-0.21832457184791565,0.00681578554213047,0.7884731888771057,0.3495205342769623,-0.11636599898338318,0.8093198537826538,-0.23523300886154175,0.1055830791592598,0.8735588192939758,0.296811580657959,-0.038791023194789886,0.8565860986709595,-0.3756761848926544
0.41738882660865784,-0.4152945280075073,-0.15752610564231873,0.4309605062007904,-0.4583355784416199,-0.147123783826828,0.43158674240112305,-0.4586494565010071,-0.1464545875787735,0.431606262922287,-0.4594440162181854,-0.1463443785905838,0.4201790392398834,-0.4597080647945404,-0.17415252327919006,0.42110615968704224,-0.46012231707572937,-0.1748654544353485,0.421637624502182,-0.46133971214294434,-0.17407697439193726,0.3712967038154602,-0.5159369111061096,-0.05363740772008896,0.3292623460292816,-0.5270540118217468,-0.1899513453245163,0.3835487365722656,-0.41955772042274475,-0.12166552990674973,0.3705812990665436,-0.4231976568698883,-0.15861588716506958,0.3050607442855835,-0.3713027834892273,0.056779421865940094,0.1306047886610031,-0.45882657170295715,-0.1910446137189865,0.18559950590133667,-0.17928776144981384,0.053611163049936295,-0.004862166941165924,-0.23904968798160553,-0.21341343224048615,0.274930477142334,-0.09347844123840332,-0.1256103366613388,0.15282875299453735,-0.09168418496847153,-0.2664528489112854,0.27705076336860657,-0.04569859802722931,-0.15044620633125305,0.1898518055677414,-0.01991596817970276,-0.2959940433502197,0.31173133850097656,-0.06269797682762146,-0.17049744725227356,0.23860116302967072,-0.05054011568427086,-0.3030126690864563,0.28569793701171875,-0.09321597963571548,-0.13772526383399963,0.18279248476028442,-0.09068852663040161,-0.26750075817108154,0.07759686559438705,0.019455088302493095,0.0951983630657196,-0.07736670970916748,-0.01995406672358513,-0.09366145730018616,0.07748111337423325,0.39448848366737366,0.2019515335559845,-0.05497565492987633,0.385511189699173,-0.16886068880558014,0.009151761420071125,0.7362497448921204,0.3329436182975769,-0.10817290842533112,0.7638621926307678,-0.22692707180976868,0.010288700461387634,0.7884856462478638,0.3364815413951874,-0.11420808732509613,0.813136637210846,-0.24408280849456787,0.10784830152988434,0.8742364048957825,0.28332972526550293,-0.03887537121772766,0.86106276512146,-0.3812715709209442
0.4178381860256195,-0.41606301069259644,-0.1617007702589035,0.4313625693321228,-0.4598415791988373,-0.15179383754730225,0.43199533224105835,-0.46014076471328735,-0.15109212696552277,0.43204936385154724,-0.4609755873680115,-0.1509343385696411,0.42061394453048706,-0.460692822933197,-0.179936483502388,0.42154234647750854,-0.4611227810382843,-0.18060286343097687,0.4220987558364868,-0.4623538851737976,-0.17986182868480682,0.3715437948703766,-0.517810046672821,-0.06035691872239113,0.3293932378292084,-0.5279157757759094,-0.2030155211687088,0.38376230001449585,-0.4205791652202606,-0.12661145627498627,0.37082505226135254,-0.42374664545059204,-0.16522756218910217,0.30500543117523193,-0.3714338541030884,0.04962076246738434,0.12983247637748718,-0.4604340195655823,-0.20163479447364807,0.18259316682815552,-0.17882859706878662,0.055140845477581024,-0.010331576690077782,-0.2449512928724289,-0.21392564475536346,0.2723221778869629,-0.09272412210702896,-0.11717367172241211,0.14595040678977966,-0.09128109365701675,-0.2634565532207489,0.27563178539276123,-0.040788911283016205,-0.140845388174057,0.18237869441509247,-0.01984330452978611,-0.292278915643692,0.3098694086074829,-0.05704285949468613,-0.1626306027173996,0.2315642535686493,-0.050194598734378815,-0.30042293667793274,0.2833378314971924,-0.09156640619039536,-0.13020357489585876,0.17593437433242798,-0.09030769765377045,-0.264754056930542,0.07891076803207397,0.0194311011582613,0.09519682079553604,-0.07868743687868118,-0.019943375140428543,-0.09365474432706833,0.07297312468290329,0.40082547068595886,0.1937641203403473,-0.06162214279174805,0.387172669172287,-0.16548460721969604,0.006036090198904276,0.7372047305107117,0.3204805850982666,-0.11088651418685913,0.7715516686439514,-0.21256490051746368,0.0073996433056890965,0.789334774017334,0.3235413730144501,-0.1165551170706749,0.8218267560005188,-0.22847364842891693,0.1066407859325409,0.8761295080184937,0.2685002088546753,-0.0457269549369812,0.8704144954681396,-0.3624895513057709
0.4134008288383484,-0.41571858525276184,-0.165069118142128,0.426569402217865,-0.45953014492988586,-0.15413081645965576,0.42716196179389954,-0.459818959236145,-0.1533675640821457,0.4271496832370758,-0.46067100763320923,-0.1532517820596695,0.4155256748199463,-0.460438072681427,-0.182323157787323,0.4164423942565918,-0.46086522936820984,-0.18295679986476898,0.41697022318840027,-0.4620979130268097,-0.18218131363391876,0.3681868016719818,-0.5178393125534058,-0.061217136681079865,0.3248574435710907,-0.5293253660202026,-0.20428553223609924,0.37994444370269775,-0.42058202624320984,-0.13005571067333221,0.3668578863143921,-0.4239666163921356,-0.16862225532531738,0.3025689125061035,-0.3725433647632599,0.04595223441720009,0.11767657101154327,-0.465678870677948,-0.20325399935245514,0.18252570927143097,-0.17990198731422424,0.05415041372179985,-0.041282135993242264,-0.2567118704319,-0.21395626664161682,0.27532655000686646,-0.09056732058525085,-0.1224495992064476,0.12184352427721024,-0.09243863075971603,-0.2582634687423706,0.27857035398483276,-0.04093804955482483,-0.14894843101501465,0.16042080521583557,-0.019811362028121948,-0.28339317440986633,0.31159651279449463,-0.05760905146598816,-0.17109154164791107,0.21219711005687714,-0.05045977234840393,-0.29166144132614136,0.28624993562698364,-0.08966656774282455,-0.1355893760919571,0.15352638065814972,-0.09090983122587204,-0.25825557112693787,0.08036951720714569,0.01928546093404293,0.09500539302825928,-0.0800948217511177,-0.019823206588625908,-0.09344247728586197,0.06996262073516846,0.39969971776008606,0.23440013825893402,-0.07161106914281845,0.3874444365501404,-0.16341038048267365,0.051800720393657684,0.7192458510398865,0.3990394175052643,-0.12618722021579742,0.7720539569854736,-0.22737348079681396,0.06156538426876068,0.7710758447647095,0.4067756235599518,-0.13198807835578918,0.8218352794647217,-0.24535046517848969,0.16522996127605438,0.8495140075683594,0.3644796311855316,-0.0673229768872261,0.868446409702301,-0.3806499242782593
0.41226691007614136,-0.4179324805736542,-0.1678759604692459,0.42499840259552,-0.46191883087158203,-0.15605497360229492,0.42555150389671326,-0.46219301223754883,-0.15522216260433197,0.42551901936531067,-0.46313440799713135,-0.1550992876291275,0.413652241230011,-0.4631786048412323,-0.18417514860630035,0.4145635962486267,-0.4636039137840271,-0.18474102020263672,0.4150870144367218,-0.4648359417915344,-0.18395166099071503,0.36709094047546387,-0.5200664401054382,-0.061483822762966156,0.32262271642684937,-0.5331032276153564,-0.20498961210250854,0.3790217638015747,-0.4229089021682739,-0.13268956542015076,0.36576977372169495,-0.4267078936100006,-0.17132584750652313,0.30238670110702515,-0.37492749094963074,0.04488065093755722,0.11150260269641876,-0.4717603027820587,-0.2040730118751526,0.1840496063232422,-0.18189553916454315,0.055445510894060135,-0.05438652262091637,-0.2726205885410309,-0.2147408276796341,0.27784281969070435,-0.09445199370384216,-0.12217061221599579,0.10234473645687103,-0.10535673797130585,-0.2585444152355194,0.282316118478775,-0.0486258827149868,-0.1486581712961197,0.14101219177246094,-0.029393799602985382,-0.2834252715110779,0.3151592016220093,-0.06614542007446289,-0.17104993760585785,0.19259800016880035,-0.05980474501848221,-0.2915601432323456,0.2889835834503174,-0.0941777229309082,-0.1353543996810913,0.13414201140403748,-0.10282336175441742,-0.25844159722328186,0.0822763592004776,0.019201034680008888,0.09480328857898712,-0.08195224404335022,-0.01975478231906891,-0.09323330223560333,0.06802864372730255,0.3968750238418579,0.2543029189109802,-0.07984793931245804,0.3863354027271271,-0.16498783230781555,0.0917481929063797,0.7078993916511536,0.422286719083786,-0.14805659651756287,0.7717027068138123,-0.24833226203918457,0.10650710761547089,0.7587726712226868,0.4308399260044098,-0.15528587996959686,0.8213656544685364,-0.2678107023239136,0.2119668573141098,0.8323757648468018,0.3905719220638275,-0.09543102234601974,0.8660647869110107,-0.4022510349750519
0.4110569357872009,-0.422727108001709,-0.1631692349910736,0.4243002235889435,-0.4660063087940216,-0.14968514442443848,0.4248216152191162,-0.46626555919647217,-0.1487313061952591,0.42478328943252563,-0.467205673456192,-0.14859618246555328,0.4129612147808075,-0.4681618809700012,-0.17719802260398865,0.4138633608818054,-0.4686420261859894,-0.17770282924175262,0.4143747389316559,-0.46984684467315674,-0.17691510915756226,0.3669004738330841,-0.5232245326042175,-0.05155382305383682,0.3223322927951813,-0.5395826101303101,-0.19428062438964844,0.37761247158050537,-0.427585631608963,-0.12737546861171722,0.3643839657306671,-0.4322766363620758,-0.16549043357372284,0.29947856068611145,-0.37580880522727966,0.05212322622537613,0.1124679371714592,-0.47993719577789307,-0.19875991344451904,0.17740586400032043,-0.18138058483600616,0.06280828267335892,-0.05045594274997711,-0.2893889844417572,-0.21775737404823303,0.28004705905914307,-0.09334543347358704,-0.11988907307386398,0.1048552617430687,-0.1231713742017746,-0.2722565531730652,0.28498488664627075,-0.049328502267599106,-0.14706873893737793,0.14199325442314148,-0.049449168145656586,-0.2985696494579315,0.31605157256126404,-0.0660976991057396,-0.16876064240932465,0.19335579872131348,-0.07634254544973373,-0.3050680160522461,0.2911706566810608,-0.09312668442726135,-0.13402704894542694,0.1357443779706955,-0.11905914545059204,-0.2716549038887024,0.08277279138565063,0.019135965034365654,0.09448752552270889,-0.0824725404381752,-0.019702250137925148,-0.09293203800916672,0.07066864520311356,0.3958788514137268,0.2282048761844635,-0.09540659189224243,0.38479405641555786,-0.1603275090456009,0.08459176123142242,0.7044301629066467,0.3773570656776428,-0.17208941280841827,0.7705996036529541,-0.2358166128396988,0.0958666205406189,0.7546429634094238,0.3839839994907379,-0.18004848062992096,0.8202886581420898,-0.25325679779052734,0.19775283336639404,0.8292564749717712,0.339731365442276,-0.12260421365499496,0.8639876246452332,-0.38422393798828125
0.4111890494823456,-0.4272286295890808,-0.16258752346038818,0.4246445298194885,-0.4693455696105957,-0.149028480052948,0.4251817464828491,-0.4696360230445862,-0.14802879095077515,0.42514893412590027,-0.4705315828323364,-0.14784836769104004,0.4133702516555786,-0.47244542837142944,-0.17578954994678497,0.4142794609069824,-0.4729667007923126,-0.1763007789850235,0.41479042172431946,-0.47418296337127686,-0.1755073517560959,0.3671298623085022,-0.5237351655960083,-0.04925660789012909,0.32249903678894043,-0.5427120923995972,-0.19014321267604828,0.3774724304676056,-0.4309421181678772,-0.1261458843946457,0.36412712931632996,-0.4365085959434509,-0.16357363760471344,0.29422563314437866,-0.3753446042537689,0.0594300739467144,0.11276143789291382,-0.47914907336235046,-0.1964753419160843,0.16836126148700714,-0.18057096004486084,0.07395925372838974,-0.04336444288492203,-0.2876448333263397,-0.22954939305782318,0.2814818024635315,-0.09130751341581345,-0.10594821721315384,0.1113731786608696,-0.1293693482875824,-0.31311550736427307,0.28569287061691284,-0.04721871763467789,-0.13020038604736328,0.1487497091293335,-0.059130627661943436,-0.3455488681793213,0.3231435716152191,-0.060535430908203125,-0.1554000824689865,0.19882279634475708,-0.08417383581399918,-0.3487735390663147,0.29156917333602905,-0.09025195240974426,-0.121792271733284,0.14154262840747833,-0.1253371387720108,-0.31303977966308594,0.08236334472894669,0.01899009384214878,0.09447133541107178,-0.08209391683340073,-0.019577227532863617,-0.09291857481002808,0.07008934020996094,0.3975847661495209,0.20102624595165253,-0.10202433913946152,0.38477978110313416,-0.13977216184139252,0.0811161994934082,0.7108291983604431,0.3215785622596741,-0.1834477186203003,0.7694215178489685,-0.18495959043502808,0.09052994847297668,0.7611236572265625,0.32476478815078735,-0.19119250774383545,0.818823516368866,-0.20047055184841156,0.18106582760810852,0.8439118266105652,0.2715508043766022,-0.12396311014890671,0.8634898066520691,-0.3312450349330902
0.411123126745224,-0.4265795946121216,-0.16930484771728516,0.42440423369407654,-0.4688999354839325,-0.1567588895559311,0.42496469616889954,-0.469196081161499,-0.1558462232351303,0.4249227046966553,-0.4700876772403717,-0.15564261376857758,0.4130265414714813,-0.47177547216415405,-0.18380746245384216,0.4139541685581207,-0.4722919464111328,-0.1843852400779724,0.41447147727012634,-0.47351306676864624,-0.1835593283176422,0.3669337034225464,-0.5233685970306396,-0.057394932955503464,0.321241170167923,-0.5415530204772949,-0.19934529066085815,0.3772732615470886,-0.4303494095802307,-0.13219574093818665,0.36373862624168396,-0.4356454610824585,-0.17030082643032074,0.29330524802207947,-0.3751397132873535,0.053932126611471176,0.11441254615783691,-0.4770837128162384,-0.20249782502651215,0.1696639060974121,-0.17909519374370575,0.07229715585708618,-0.041614778339862823,-0.28659602999687195,-0.25990772247314453,0.28636276721954346,-0.08575915545225143,-0.10495753586292267,0.11560993641614914,-0.12994785606861115,-0.358343243598938,0.29583287239074707,-0.04103396460413933,-0.12711577117443085,0.15372978150844574,-0.05978330597281456,-0.3911778926849365,0.3367333710193634,-0.05105338245630264,-0.15387965738773346,0.20367664098739624,-0.08411569893360138,-0.39350625872612,0.2994356155395508,-0.08313888311386108,-0.12122850120067596,0.14593420922756195,-0.1253875344991684,-0.3580321669578552,0.08220072090625763,0.018761109560728073,0.09430427104234695,-0.08194565773010254,-0.019362768158316612,-0.09275923669338226,0.06900884956121445,0.40199416875839233,0.20569556951522827,-0.0986810028553009,0.3847671151161194,-0.14257894456386566,0.06597445905208588,0.7238178253173828,0.3366803526878357,-0.18322065472602844,0.7688326239585876,-0.19556781649589539,0.07387097924947739,0.7754098773002625,0.34051626920700073,-0.19172245264053345,0.8180820941925049,-0.21256694197654724,0.17119325697422028,0.8577848672866821,0.28736311197280884,-0.12582401931285858,0.8626081943511963,-0.3465227484703064
0.41129547357559204,-0.4263595640659332,-0.15395663678646088,0.42455360293388367,-0.4687941372394562,-0.1416471153497696,0.42511337995529175,-0.4690915048122406,-0.14076659083366394,0.4250868856906891,-0.46997976303100586,-0.14050383865833282,0.41328492760658264,-0.47125160694122314,-0.16968350112438202,0.4142296016216278,-0.47176966071128845,-0.17025193572044373,0.4147266745567322,-0.4729958474636078,-0.16949012875556946,0.366772323846817,-0.5242764353752136,-0.04571321979165077,0.32135701179504395,-0.5405871272087097,-0.1915176659822464,0.3775210380554199,-0.43067148327827454,-0.11782488971948624,0.3638894557952881,-0.4352828860282898,-0.15743713080883026,0.2859615087509155,-0.37502408027648926,0.06831545382738113,0.12275385111570358,-0.47600045800209045,-0.20210497081279755,0.15596933662891388,-0.17794591188430786,0.09106887131929398,-0.03890850022435188,-0.2819461524486542,-0.2557598650455475,0.28397589921951294,-0.08513613045215607,-0.06952120363712311,0.12024802714586258,-0.12654435634613037,-0.3407554626464844,0.29527217149734497,-0.04095199331641197,-0.0878853052854538,0.15805521607398987,-0.05716904252767563,-0.37174293398857117,0.3368040919303894,-0.04994344711303711,-0.11269950121641159,0.2076292634010315,-0.08279237896203995,-0.3733994662761688,0.2990836799144745,-0.08214899897575378,-0.0849321112036705,0.15035296976566315,-0.1226033940911293,-0.33996036648750305,0.07880668342113495,0.018512526527047157,0.09439495205879211,-0.07859161496162415,-0.019142888486385345,-0.09284228086471558,0.05713990330696106,0.4047207236289978,0.19552937150001526,-0.09632350504398346,0.3849804699420929,-0.1426115185022354,0.04906559735536575,0.7355984449386597,0.3154517710208893,-0.19727873802185059,0.767677903175354,-0.19490228593349457,0.05654408410191536,0.7877058386802673,0.31819748878479004,-0.2082422524690628,0.8166649341583252,-0.21145915985107422,0.15532946586608887,0.8704728484153748,0.263468861579895,-0.13397163152694702,0.8626457452774048,-0.34131351113319397
0.4115540683269501,-0.42669835686683655,-0.12610600888729095,0.4248327314853668,-0.4688125550746918,-0.11396358907222748,0.4253903031349182,-0.4691152274608612,-0.11318656802177429,0.4253544807434082,-0.4699893891811371,-0.11288754642009735,0.4137480854988098,-0.471055269241333,-0.14160160720348358,0.41469302773475647,-0.47158896923065186,-0.1421855092048645,0.4151645600795746,-0.47281333804130554,-0.14150415360927582,0.3678954839706421,-0.5251868367195129,-0.020864253863692284,0.3237944543361664,-0.5402719974517822,-0.1639099419116974,0.37770116329193115,-0.4318144619464874,-0.0908546969294548,0.3640361726284027,-0.43593329191207886,-0.1297440528869629,0.28504127264022827,-0.3753449320793152,0.0919647216796875,0.13797302544116974,-0.47473010420799255,-0.1882944256067276,0.15814918279647827,-0.17406471073627472,0.09260552376508713,-0.012665417045354843,-0.28028714656829834,-0.25458604097366333,0.2844500243663788,-0.08514051139354706,-0.07151538133621216,0.1414380818605423,-0.12473274767398834,-0.33033260703086853,0.2955693006515503,-0.04393361508846283,-0.09049025923013687,0.17678308486938477,-0.05534600839018822,-0.3603138327598572,0.33823439478874207,-0.05255325138568878,-0.11613783985376358,0.22542844712734222,-0.0813172310590744,-0.36260634660720825,0.29939883947372437,-0.08267960697412491,-0.08664350211620331,0.16974535584449768,-0.12166006863117218,-0.32967570424079895,0.07379559427499771,0.018483219668269157,0.0944548025727272,-0.07360081374645233,-0.019121358171105385,-0.09290512651205063,0.0510348379611969,0.4066871106624603,0.18997347354888916,-0.09329072386026382,0.3850204646587372,-0.1384573131799698,0.0341225191950798,0.7444338202476501,0.29209044575691223,-0.20343536138534546,0.7630912661552429,-0.18261252343654633,0.0401531420648098,0.7964920401573181,0.29339566826820374,-0.2160560041666031,0.8111116290092468,-0.196598619222641,0.14270545542240143,0.8793519139289856,0.24475614726543427,-0.13835005462169647,0.8621385097503662,-0.3151150643825531
0.40838319063186646,-0.4278475344181061,-0.12140389531850815,0.42220616340637207,-0.46975958347320557,-0.10979814827442169,0.4227752983570099,-0.47006863355636597,-0.1090506836771965,0.422736257314682,-0.4709189236164093,-0.10879744589328766,0.41106298565864563,-0.4720943570137024,-0.13700158894062042,0.4120189845561981,-0.4726276099681854,-0.13762563467025757,0.4124895930290222,-0.47385600209236145,-0.13689471781253815,0.3671101927757263,-0.5264165997505188,-0.016050605103373528,0.32192403078079224,-0.5415968298912048,-0.15646898746490479,0.3751843273639679,-0.4332273304462433,-0.08499998599290848,0.36131730675697327,-0.4372747540473938,-0.12322196364402771,0.2852931022644043,-0.3767809569835663,0.09576056897640228,0.1377103328704834,-0.4741837680339813,-0.1807270348072052,0.1660221666097641,-0.17399506270885468,0.09455718845129013,-0.005219272803515196,-0.27914056181907654,-0.2565480172634125,0.2953503131866455,-0.08979782462120056,-0.07085320353507996,0.15488699078559875,-0.12882035970687866,-0.34719178080558777,0.3067171275615692,-0.052855491638183594,-0.09065693616867065,0.19120623171329498,-0.06642215698957443,-0.3794267773628235,0.34729403257369995,-0.06295134127140045,-0.11393968760967255,0.23666569590568542,-0.08941417187452316,-0.37780725955963135,0.3107358515262604,-0.08864652365446091,-0.08480443060398102,0.18234898149967194,-0.12548236548900604,-0.3454657793045044,0.07184189558029175,0.01847369223833084,0.09441089630126953,-0.07164659351110458,-0.019113030284643173,-0.09287216514348984,0.04216363653540611,0.41223832964897156,0.1756007969379425,-0.08915665745735168,0.3857414126396179,-0.13889817893505096,0.012985853478312492,0.7560572624206543,0.2661655843257904,-0.1946999877691269,0.762541651725769,-0.17778518795967102,0.01728462427854538,0.8078405857086182,0.2657005786895752,-0.20704174041748047,0.8100079894065857,-0.19044144451618195,0.1198047399520874,0.8890236616134644,0.21389618515968323,-0.13119658827781677,0.861764669418335,-0.30657902359962463
0.40848028659820557,-0.4289759397506714,-0.10392952710390091,0.42238789796829224,-0.47072404623031616,-0.09365110099315643,0.4229636788368225,-0.47104519605636597,-0.09301730245351791,0.422925740480423,-0.47187134623527527,-0.09275273233652115,0.4113752543926239,-0.4726485013961792,-0.12099266797304153,0.41233229637145996,-0.4731723666191101,-0.1216219961643219,0.41280198097229004,-0.4744304120540619,-0.12081567198038101,0.36716219782829285,-0.5292383432388306,-0.003765970701351762,0.32254093885421753,-0.5419425368309021,-0.14255154132843018,0.3752704858779907,-0.43541672825813293,-0.06805103272199631,0.3615882396697998,-0.43850383162498474,-0.1058645099401474,0.28387296199798584,-0.3871026337146759,0.11164920777082443,0.1482684314250946,-0.47346341609954834,-0.1717686504125595,0.16798579692840576,-0.18303513526916504,0.12519802153110504,0.01524500921368599,-0.2690981924533844,-0.25441330671310425,0.29955559968948364,-0.10054461658000946,-0.011857015080749989,0.17121633887290955,-0.1302017718553543,-0.3458870053291321,0.312797874212265,-0.06391818076372147,-0.025178387761116028,0.20640482008457184,-0.07181057333946228,-0.37834006547927856,0.35355493426322937,-0.07129988074302673,-0.04637245833873749,0.2495010644197464,-0.09433205425739288,-0.37567275762557983,0.3164220452308655,-0.09857910871505737,-0.02417953684926033,0.19756974279880524,-0.12761294841766357,-0.3441270887851715,0.06590060144662857,0.017944082617759705,0.09469428658485413,-0.06570016592741013,-0.018576940521597862,-0.09317012131214142,0.03266409412026405,0.4126027524471283,0.1356584131717682,-0.07157362997531891,0.3918296992778778,-0.13026975095272064,-0.00894726812839508,0.7613962888717651,0.1846565455198288,-0.18979056179523468,0.7632104754447937,-0.13661549985408783,-0.006783976219594479,0.8122022747993469,0.18002831935882568,-0.20460742712020874,0.8103167414665222,-0.14465592801570892,0.09559620171785355,0.8915044069290161,0.12246859073638916,-0.1209295392036438,0.8659038543701172,-0.2509744465351105
0.40899911522865295,-0.4287227988243103,-0.09384869784116745,0.42262691259384155,-0.4705772399902344,-0.08356508612632751,0.4232056438922882,-0.47089821100234985,-0.08295726776123047,0.42316070199012756,-0.4717203676700592,-0.08274075388908386,0.41185230016708374,-0.4724632501602173,-0.11130829155445099,0.4128205478191376,-0.47298744320869446,-0.11194393038749695,0.4132704436779022,-0.4742377698421478,-0.11112334579229355,0.36735907196998596,-0.5297690629959106,0.004474612884223461,0.32320505380630493,-0.5412052869796753,-0.13513997197151184,0.37593400478363037,-0.435210645198822,-0.05840764194726944,0.36247655749320984,-0.43823742866516113,-0.09655989706516266,0.28422486782073975,-0.38974687457084656,0.11852935701608658,0.15384148061275482,-0.4666540324687958,-0.16531629860401154,0.1804589182138443,-0.1845230907201767,0.13233308494091034,0.028627345338463783,-0.2539755702018738,-0.2526668906211853,0.30881428718566895,-0.10013281553983688,-0.004586382769048214,0.1802608072757721,-0.12921476364135742,-0.3445902168750763,0.3225105106830597,-0.06295545399188995,-0.018909676000475883,0.21406351029872894,-0.06920623779296875,-0.37810149788856506,0.360696941614151,-0.07081158459186554,-0.040921490639448166,0.2571403384208679,-0.09255960583686829,-0.37551558017730713,0.3253829777240753,-0.09804809093475342,-0.017159493640065193,0.20650440454483032,-0.1269819140434265,-0.3432309925556183,0.06308286637067795,0.017209956422448158,0.0949118584394455,-0.0628894791007042,-0.017825942486524582,-0.09339984506368637,0.028633667156100273,0.41299018263816833,0.12390011548995972,-0.0625387579202652,0.39551055431365967,-0.13005609810352325,-0.015194767154753208,0.7638280987739563,0.17064757645130157,-0.18051861226558685,0.7666121125221252,-0.13665162026882172,-0.012827481143176556,0.8143773078918457,0.16594813764095306,-0.19554996490478516,0.8135184645652771,-0.1450352966785431,0.09132413566112518,0.8916940689086914,0.10926436632871628,-0.1070740818977356,0.8696464896202087,-0.2523682415485382
0.4097621440887451,-0.4288780093193054,-0.08921297639608383,0.4229336977005005,-0.4708549678325653,-0.07818982750177383,0.42351552844047546,-0.4711751937866211,-0.07758192718029022,0.4234718680381775,-0.4719889163970947,-0.07737937569618225,0.41225478053092957,-0.47243762016296387,-0.10622209310531616,0.4132309556007385,-0.4729524552822113,-0.10686886310577393,0.41366949677467346,-0.4742126166820526,-0.10602068901062012,0.3674256503582001,-0.5298806428909302,0.011265630833804607,0.32328322529792786,-0.5410832166671753,-0.1296318769454956,0.3767128586769104,-0.4353373646736145,-0.05337458848953247,0.3632639944553375,-0.43802112340927124,-0.09189498424530029,0.2844656705856323,-0.3891632854938507,0.12279914319515228,0.15409761667251587,-0.4639696478843689,-0.15969109535217285,0.18466302752494812,-0.18438825011253357,0.13201823830604553,0.026877040043473244,-0.25285112857818604,-0.2515067458152771,0.3133738934993744,-0.10186487436294556,-0.009162815287709236,0.17833630740642548,-0.12831144034862518,-0.34405186772346497,0.32756632566452026,-0.06517745554447174,-0.024474458768963814,0.21230241656303406,-0.06839274615049362,-0.37639161944389343,0.3646426200866699,-0.07317481189966202,-0.04504067450761795,0.2555826008319855,-0.09165750443935394,-0.37397968769073486,0.32984617352485657,-0.09980995953083038,-0.021187007427215576,0.20473600924015045,-0.12594512104988098,-0.34262052178382874,0.06142730638384819,0.016929326578974724,0.09504737704992294,-0.06123833358287811,-0.017529143020510674,-0.09355003386735916,0.023007936775684357,0.413098007440567,0.112512968480587,-0.05633002147078514,0.39623844623565674,-0.13037948310375214,-0.017214342951774597,0.7643454074859619,0.15371903777122498,-0.17723225057125092,0.7665072679519653,-0.142520472407341,-0.014242508448660374,0.8148489594459534,0.14816303551197052,-0.1937372386455536,0.8130749464035034,-0.1515481323003769,0.0920385792851448,0.8905081748962402,0.08925473690032959,-0.10226226598024368,0.8691988587379456,-0.2607802450656891
0.40964317321777344,-0.42890846729278564,-0.06008298322558403,0.4224006235599518,-0.47104504704475403,-0.04873570054769516,0.4230065643787384,-0.47137224674224854,-0.04817816615104675,0.4229716658592224,-0.47216495871543884,-0.048000045120716095,0.41206637024879456,-0.47234004735946655,-0.07706718891859055,0.41305047273635864,-0.47285130620002747,-0.07769477367401123,0.41348156332969666,-0.47411948442459106,-0.07688475400209427,0.3658764362335205,-0.5303758382797241,0.039157550781965256,0.322428822517395,-0.5406357049942017,-0.10223337262868881,0.37646666169166565,-0.43546944856643677,-0.02471051923930645,0.3631921708583832,-0.43781930208206177,-0.06341316550970078,0.28354334831237793,-0.39023557305336,0.14763715863227844,0.15497331321239471,-0.45906952023506165,-0.13896240293979645,0.19448497891426086,-0.18495295941829681,0.15693196654319763,0.044672537595033646,-0.24177709221839905,-0.24503257870674133,0.32568857073783875,-0.10123895853757858,0.026223985478281975,0.19591432809829712,-0.12803271412849426,-0.341500848531723,0.3411584794521332,-0.06410257518291473,0.012538554146885872,0.22859548032283783,-0.06748205423355103,-0.3739781677722931,0.375734806060791,-0.07255945354700089,-0.007732422091066837,0.26886555552482605,-0.09093648940324783,-0.3715885281562805,0.341515451669693,-0.09919039905071259,0.014372303150594234,0.2206384539604187,-0.12541671097278595,-0.34014418721199036,0.05754850432276726,0.016497867181897163,0.09546031802892685,-0.05735203996300697,-0.017071546986699104,-0.09396231174468994,-0.007077812682837248,0.4125792384147644,0.0845809131860733,-0.04366845265030861,0.3983495533466339,-0.12123413383960724,-0.0592440590262413,0.7645572423934937,0.10134906321763992,-0.13865359127521515,0.772581160068512,-0.12673267722129822,-0.05597193166613579,0.8150908350944519,0.09379617124795914,-0.14912813901901245,0.8197552561759949,-0.13483311235904694,0.06366635113954544,0.8890209794044495,0.030101481825113297,-0.04789655655622482,0.8711119294166565,-0.23706939816474915
0.4213215410709381,-0.4313108026981354,-0.051228463649749756,0.43280625343322754,-0.4731031358242035,-0.03788406029343605,0.4335157871246338,-0.473465234041214,-0.03726645186543465,0.43344277143478394,-0.47424381971359253,-0.03715256601572037,0.4221304953098297,-0.47436100244522095,-0.06603993475437164,0.42316681146621704,-0.47484728693962097,-0.06666672974824905,0.4236203134059906,-0.47615551948547363,-0.06584884226322174,0.3758387565612793,-0.5303094387054443,0.054548230022192,0.32882577180862427,-0.5403924584388733,-0.08598875999450684,0.38853904604911804,-0.43670016527175903,-0.014780995436012745,0.37435564398765564,-0.438840389251709,-0.05307335779070854,0.2894419729709625,-0.39005735516548157,0.16170938313007355,0.16912539303302765,-0.45888546109199524,-0.1317426860332489,0.20238333940505981,-0.18626458942890167,0.18579335510730743,0.06385160237550735,-0.24864070117473602,-0.2537449300289154,0.34668591618537903,-0.10078801214694977,0.08899001777172089,0.22501806914806366,-0.1392155885696411,-0.37947791814804077,0.36372461915016174,-0.06221502274274826,0.08060438185930252,0.25700682401657104,-0.08420645445585251,-0.41120654344558716,0.3982183635234833,-0.06938010454177856,0.05999991297721863,0.2972351610660553,-0.10262062400579453,-0.4028732478618622,0.3627417981624603,-0.09851191192865372,0.07749723643064499,0.24923712015151978,-0.13518331944942474,-0.3762945532798767,0.05587688460946083,0.016524115577340126,0.09661319851875305,-0.0556478351354599,-0.017095310613512993,-0.09509244561195374,-0.016237204894423485,0.41291987895965576,0.08567122370004654,-0.03165461868047714,0.39948907494544983,-0.11864887177944183,-0.05802713334560394,0.7686364650726318,0.10922946780920029,-0.10807469487190247,0.778836727142334,-0.1310506910085678,-0.052847109735012054,0.8197833895683289,0.10272765904664993,-0.1149330660700798,0.8269107341766357,-0.14003793895244598,0.06661570817232132,0.8879703283309937,0.03871234133839607,-0.008707447908818722,0.872266411781311,-0.24547070264816284
0.42479822039604187,-0.43002209067344666,-0.05613856017589569,0.4370062053203583,-0.47146838903427124,-0.04260467365384102,0.4377546012401581,-0.47184422612190247,-0.041966576129198074,0.4376993179321289,-0.472606360912323,-0.04181355610489845,0.42612501978874207,-0.47317472100257874,-0.07027944922447205,0.4271381199359894,-0.4736461639404297,-0.07093452662229538,0.4276117980480194,-0.4749598205089569,-0.07012799382209778,0.38102227449417114,-0.5256611108779907,0.05081214755773544,0.3324783146381378,-0.5374794006347656,-0.08773941546678543,0.39211785793304443,-0.43447086215019226,-0.01969311386346817,0.3775840103626251,-0.4369620680809021,-0.05736725032329559,0.2955226004123688,-0.3780830502510071,0.15562696754932404,0.16738349199295044,-0.45855796337127686,-0.12575970590114594,0.20622485876083374,-0.18072625994682312,0.16983124613761902,0.053836893290281296,-0.255039244890213,-0.2529694437980652,0.3536483347415924,-0.09765106439590454,0.06556303799152374,0.22316372394561768,-0.1519603133201599,-0.37066689133644104,0.37500816583633423,-0.058622851967811584,0.05514053627848625,0.2624610960483551,-0.09782619774341583,-0.4036807715892792,0.4104956388473511,-0.06500567495822906,0.028737066313624382,0.30681079626083374,-0.11632797122001648,-0.39573073387145996,0.3704261779785156,-0.0946221798658371,0.05180861055850983,0.2501346170902252,-0.14760200679302216,-0.36762017011642456,0.05626250430941582,0.016974931582808495,0.09672913700342178,-0.056028444319963455,-0.017544139176607132,-0.09522104263305664,-0.018519651144742966,0.4135318100452423,0.0917351096868515,-0.03300762549042702,0.3995523750782013,-0.09918859601020813,-0.061590682715177536,0.7723439931869507,0.1209675520658493,-0.08746521174907684,0.7833290100097656,-0.10143184661865234,-0.05581101402640343,0.824138879776001,0.11515865474939346,-0.0910072773694992,0.8323851823806763,-0.11025269329547882,0.06654120981693268,0.8882244229316711,0.04962533712387085,0.016399217769503593,0.8738561868667603,-0.21861989796161652
0.4305034577846527,-0.42725440859794617,-0.05301538109779358,0.44180965423583984,-0.46871984004974365,-0.03892800211906433,0.44259148836135864,-0.4691050350666046,-0.038278158754110336,0.4425506293773651,-0.4698541760444641,-0.03811834752559662,0.4314150810241699,-0.47016891837120056,-0.06697575002908707,0.43240490555763245,-0.47061479091644287,-0.06764944642782211,0.4328974783420563,-0.47192272543907166,-0.06685571372509003,0.38312724232673645,-0.5213646292686462,0.05401484668254852,0.3361079692840576,-0.5309159159660339,-0.08679471164941788,0.39673036336898804,-0.4311295449733734,-0.017175864428281784,0.38274651765823364,-0.432993084192276,-0.05536433309316635,0.29649993777275085,-0.36950889229774475,0.1555449217557907,0.16766245663166046,-0.45424485206604004,-0.12308157235383987,0.21126440167427063,-0.17205297946929932,0.1613655537366867,0.04844466969370842,-0.2578578591346741,-0.2525278329849243,0.3632358908653259,-0.08822532743215561,0.03896631300449371,0.21649862825870514,-0.1550283432006836,-0.3699432611465454,0.3872785270214081,-0.049836475402116776,0.025237634778022766,0.25575777888298035,-0.1004914790391922,-0.4026488661766052,0.4220814108848572,-0.05453423410654068,0.0018235158640891314,0.300015389919281,-0.1199570819735527,-0.39407965540885925,0.3802904784679413,-0.08375297486782074,0.025740988552570343,0.2436736822128296,-0.15078306198120117,-0.36656197905540466,0.05423600226640701,0.01704573817551136,0.09703132510185242,-0.05398278310894966,-0.017603548243641853,-0.09554100036621094,-0.035369034856557846,0.41324377059936523,0.08501127362251282,-0.026055341586470604,0.39941659569740295,-0.08529561012983322,-0.06421563774347305,0.7740399837493896,0.0994042307138443,-0.06492851674556732,0.7824267745018005,-0.09102736413478851,-0.05642319843173027,0.8260097503662109,0.09224259853363037,-0.06691285967826843,0.8312222361564636,-0.10006022453308105,0.0691714733839035,0.8871549367904663,0.024534329771995544,0.04430355876684189,0.8704963326454163,-0.2042214572429657
0.4356103241443634,-0.42654263973236084,-0.05913319066166878,0.446542352437973,-0.46787410974502563,-0.04568927735090256,0.44734370708465576,-0.46826258301734924,-0.04503753036260605,0.4472982585430145,-0.4690238833427429,-0.044872935861349106,0.43617215752601624,-0.46953028440475464,-0.07370311766862869,0.4371618628501892,-0.4699670970439911,-0.0743686780333519,0.4376707077026367,-0.4712805449962616,-0.07357476651668549,0.3869790732860565,-0.5179888606071472,0.046941980719566345,0.34016385674476624,-0.5286277532577515,-0.09374672174453735,0.4015655815601349,-0.42955389618873596,-0.023361824452877045,0.3876205086708069,-0.43162786960601807,-0.06159747764468193,0.2974385619163513,-0.3639995753765106,0.15039478242397308,0.170027956366539,-0.45274603366851807,-0.1272846758365631,0.21013619005680084,-0.16753101348876953,0.1565050184726715,0.04715156555175781,-0.26470112800598145,-0.25862884521484375,0.3677007257938385,-0.08767896890640259,0.028172334656119347,0.21229569613933563,-0.16622470319271088,-0.383587121963501,0.39411115646362305,-0.04985307902097702,0.015516947023570538,0.25188419222831726,-0.11362404376268387,-0.41618627309799194,0.4302813708782196,-0.054311346262693405,-0.0049676233902573586,0.2960900366306305,-0.13225920498371124,-0.40678346157073975,0.38593021035194397,-0.08290404081344604,0.016090452671051025,0.23960676789283752,-0.16181680560112,-0.3797559142112732,0.05262318253517151,0.017058374360203743,0.09721430391073227,-0.05235129967331886,-0.017615193501114845,-0.09572950005531311,-0.04211414232850075,0.4130691885948181,0.08814900368452072,-0.024899736046791077,0.398258239030838,-0.07958104461431503,-0.06698770821094513,0.7727283835411072,0.10792023688554764,-0.0573548786342144,0.7797562479972839,-0.08563032746315002,-0.05840175226330757,0.8245566487312317,0.10122960060834885,-0.05861956998705864,0.827886700630188,-0.09447906166315079,0.06938941031694412,0.882134735584259,0.034537747502326965,0.05357161909341812,0.8604198098182678,-0.1972917765378952
0.43624553084373474,-0.42441657185554504,-0.04956188052892685,0.4473745822906494,-0.46498146653175354,-0.03397829458117485,0.4481641352176666,-0.46536898612976074,-0.03333975747227669,0.4481368064880371,-0.46610695123672485,-0.03321551904082298,0.4363365173339844,-0.4671192169189453,-0.06090882793068886,0.4373044967651367,-0.4675513803958893,-0.0616438128054142,0.4378168284893036,-0.46883848309516907,-0.06080649420619011,0.3907783627510071,-0.510531485080719,0.06414707005023956,0.3403293192386627,-0.5239863991737366,-0.07216744869947433,0.4033982753753662,-0.42607566714286804,-0.012030260637402534,0.38839876651763916,-0.4287908673286438,-0.04908294975757599,0.29953283071517944,-0.35718604922294617,0.16617199778556824,0.17353379726409912,-0.448553204536438,-0.10229701548814774,0.21247388422489166,-0.1554126888513565,0.15805931389331818,0.04384809732437134,-0.2678159177303314,-0.23360520601272583,0.3633494973182678,-0.07883307337760925,0.02474331483244896,0.19973431527614594,-0.164136603474617,-0.3686603903770447,0.38686224818229675,-0.04371176287531853,0.014361722394824028,0.23820096254348755,-0.11012827605009079,-0.3987419009208679,0.422370970249176,-0.048481523990631104,-0.00809385348111391,0.28268638253211975,-0.12467125803232193,-0.38746172189712524,0.380801260471344,-0.07473732531070709,0.012286492623388767,0.2272091507911682,-0.15995511412620544,-0.3643134832382202,0.04951013997197151,0.01710771769285202,0.09721425920724869,-0.04921375587582588,-0.017647871747612953,-0.0957358106970787,-0.04713626578450203,0.41261744499206543,0.05314382538199425,-0.01721079833805561,0.39854687452316284,-0.07543155550956726,-0.06128677725791931,0.7784565687179565,0.042220912873744965,-0.04576662555336952,0.7812521457672119,-0.08496523648500443,-0.05499051511287689,0.8305129408836365,0.03272199258208275,-0.046832211315631866,0.8289816379547119,-0.0939776599407196,0.07949711382389069,0.8794395327568054,-0.041147924959659576,0.06516220420598984,0.8562129139900208,-0.19429656863212585
0.43547385931015015,-0.4236409068107605,-0.05212150514125824,0.44678089022636414,-0.46404147148132324,-0.0384284071624279,0.4475540518760681,-0.4644247591495514,-0.03779807314276695,0.44752559065818787,-0.4651627838611603,-0.03761401027441025,0.43610644340515137,-0.4664442539215088,-0.06553537398576736,0.4370811879634857,-0.4668652415275574,-0.06619949638843536,0.43757468461990356,-0.4681495130062103,-0.06542668491601944,0.3900109529495239,-0.5083811283111572,0.057603657245635986,0.338196337223053,-0.5229482054710388,-0.0802774578332901,0.40257158875465393,-0.42480072379112244,-0.01645231619477272,0.38776808977127075,-0.4278145432472229,-0.053662918508052826,0.29750266671180725,-0.3571815490722656,0.16228750348091125,0.1726132184267044,-0.4471355378627777,-0.10715590417385101,0.20941919088363647,-0.1567247062921524,0.15870556235313416,0.01842815987765789,-0.2827174663543701,-0.23594628274440765,0.3610493242740631,-0.08388767391443253,0.020200807601213455,0.17536136507987976,-0.17105484008789062,-0.38359469175338745,0.3855944275856018,-0.05482792854309082,0.00797449704259634,0.21496620774269104,-0.11598475277423859,-0.41379520297050476,0.4207839369773865,-0.05834116414189339,-0.012790088541805744,0.2588387727737427,-0.13246209919452667,-0.4019327461719513,0.37917017936706543,-0.07991325110197067,0.008368433453142643,0.20305217802524567,-0.16598699986934662,-0.37918949127197266,0.04645463824272156,0.016932208091020584,0.09745987504720688,-0.04612956941127777,-0.017432760447263718,-0.09599365293979645,-0.041425108909606934,0.4125373363494873,0.0444054901599884,-0.003454458899796009,0.3986041843891144,-0.07906594127416611,-0.05016448721289635,0.7854725122451782,0.031770043075084686,-0.01283214520663023,0.7835521697998047,-0.09092235565185547,-0.038635049015283585,0.8376597166061401,0.02182048186659813,-0.011429773643612862,0.8309698104858398,-0.10009591281414032,0.0989774763584137,0.8793491125106812,-0.053187403827905655,0.10345707088708878,0.8515304327011108,-0.20198825001716614
0.4249764084815979,-0.4234200716018677,-0.06608334928750992,0.43879950046539307,-0.46320927143096924,-0.05209933593869209,0.4395914375782013,-0.4635971188545227,-0.05145196616649628,0.43955937027931213,-0.4643232226371765,-0.051349740475416183,0.4272100627422333,-0.466148316860199,-0.07819253951311111,0.4281799793243408,-0.466569185256958,-0.07896745204925537,0.42868977785110474,-0.46786296367645264,-0.07808804512023926,0.3869178891181946,-0.5070792436599731,0.048464175313711166,0.3334527611732483,-0.5231648683547974,-0.08524183928966522,0.3932649493217468,-0.42458489537239075,-0.028277726843953133,0.3775346875190735,-0.42784446477890015,-0.06404845416545868,0.2848099172115326,-0.35891416668891907,0.16169513761997223,0.17137107253074646,-0.4473712742328644,-0.11174283921718597,0.18083807826042175,-0.15875248610973358,0.16621650755405426,-0.022160110995173454,-0.298424631357193,-0.23721472918987274,0.3220323324203491,-0.09383844584226608,0.04311894625425339,0.1246521845459938,-0.20889964699745178,-0.3913666307926178,0.3441828787326813,-0.06787361204624176,0.03307551145553589,0.16364647448062897,-0.1659834235906601,-0.4217359125614166,0.38170021772384644,-0.07036145031452179,0.015484939329326153,0.202906996011734,-0.1849908083677292,-0.4108869135379791,0.34162822365760803,-0.09017323702573776,0.03338633105158806,0.15031997859477997,-0.20667517185211182,-0.387346088886261,0.04362500458955765,0.015016955323517323,0.09760844707489014,-0.043265946209430695,-0.015451928600668907,-0.0961436852812767,-0.03699338808655739,0.4115104377269745,0.05048308148980141,0.002388618653640151,0.3988379240036011,-0.07513605058193207,-0.019279036670923233,0.783873975276947,0.044761642813682556,0.0017164419405162334,0.7837195992469788,-0.08541359007358551,-0.004269733093678951,0.8358086943626404,0.0354384146630764,0.004146789200603962,0.830903172492981,-0.09403878450393677,0.13312435150146484,0.8718552589416504,-0.03686870262026787,0.12200619280338287,0.8479844331741333,-0.19281557202339172
0.41294020414352417,-0.41519081592559814,-0.07211128622293472,0.4313305616378784,-0.4511656165122986,-0.056754905730485916,0.4320944845676422,-0.45156389474868774,-0.056111305952072144,0.4320891201496124,-0.45224687457084656,-0.05605413764715195,0.4190550446510315,-0.4573313593864441,-0.08168581873178482,0.41998574137687683,-0.45775026082992554,-0.08250554651021957,0.4205077290534973,-0.4590511918067932,-0.08156446367502213,0.3867686688899994,-0.49488431215286255,0.04698166623711586,0.33218494057655334,-0.5219173431396484,-0.08834145218133926,0.3833334743976593,-0.41776812076568604,-0.032032281160354614,0.36683589220046997,-0.42433738708496094,-0.0664869099855423,0.27798327803611755,-0.3586408495903015,0.15866521000862122,0.1711747646331787,-0.447562575340271,-0.10729807615280151,0.1670311689376831,-0.15716631710529327,0.16525498032569885,-0.026463842019438744,-0.2970806062221527,-0.23475636541843414,0.3035983443260193,-0.09607414156198502,0.03562358021736145,0.10762934386730194,-0.21208526194095612,-0.3877602219581604,0.325026273727417,-0.07254199683666229,0.024082301184535027,0.14500382542610168,-0.17087827622890472,-0.41917505860328674,0.36423271894454956,-0.07486023753881454,0.00609434163197875,0.1801837533712387,-0.18972378969192505,-0.4091167151927948,0.32368019223213196,-0.09317763149738312,0.025398820638656616,0.13100816309452057,-0.21016670763492584,-0.3841790556907654,0.04049631580710411,0.01443164050579071,0.09762685745954514,-0.04010723531246185,-0.014833086170256138,-0.09616683423519135,-0.04239324480295181,0.41125503182411194,0.050681985914707184,0.0050514074973762035,0.3990517258644104,-0.07230089604854584,-0.020637456327676773,0.7834122776985168,0.04434628039598465,0.020001420751214027,0.7865045070648193,-0.08476198464632034,-0.006744065321981907,0.8350251317024231,0.03506481647491455,0.02425301820039749,0.8334100246429443,-0.0932590663433075,0.1267492026090622,0.8686643838882446,-0.038894880563020706,0.14064443111419678,0.8479011058807373,-0.19188007712364197
0.3977225124835968,-0.41556012630462646,-0.07329782843589783,0.41745877265930176,-0.4518478214740753,-0.058307625353336334,0.4182210862636566,-0.452243447303772,-0.05765170976519585,0.41820695996284485,-0.45293813943862915,-0.05759189650416374,0.405220627784729,-0.4575362205505371,-0.08256504684686661,0.40615251660346985,-0.4579602777957916,-0.08341735601425171,0.40665873885154724,-0.45926496386528015,-0.08246078342199326,0.3779250979423523,-0.4965600371360779,0.04547165706753731,0.3238535523414612,-0.5239914655685425,-0.09035966545343399,0.36863037943840027,-0.4183717668056488,-0.03345157951116562,0.3524411618709564,-0.42565712332725525,-0.06688608229160309,0.2660819888114929,-0.36447077989578247,0.15705198049545288,0.16330020129680634,-0.4499993324279785,-0.10687799751758575,0.15819597244262695,-0.1650606095790863,0.1711883544921875,-0.04921059310436249,-0.3079768717288971,-0.23188389837741852,0.2839334011077881,-0.10453964024782181,0.05109253153204918,0.09033096581697464,-0.2276705503463745,-0.3849852681159973,0.30111685395240784,-0.08068958669900894,0.0413556806743145,0.1301950216293335,-0.18905985355377197,-0.41662150621414185,0.3389274775981903,-0.08308378607034683,0.025572847574949265,0.16702106595039368,-0.2081776112318039,-0.4083336591720581,0.30275484919548035,-0.10172346234321594,0.04238177463412285,0.1151847392320633,-0.22657117247581482,-0.3820282816886902,0.038493383675813675,0.013932017609477043,0.09765958040952682,-0.0380915030837059,-0.014323187991976738,-0.0961996391415596,-0.06971456110477448,0.40886446833610535,0.054321449249982834,0.009506173431873322,0.39908504486083984,-0.07430358976125717,-0.05332476645708084,0.782173752784729,0.05644279718399048,0.050629761070013046,0.7895898222923279,-0.08883681148290634,-0.04069143906235695,0.8333466649055481,0.047953519970178604,0.05788750201463699,0.8365068435668945,-0.09768041968345642,0.08360235393047333,0.8603200316429138,-0.022507140412926674,0.17346590757369995,0.8473093509674072,-0.1926220953464508
0.3939271867275238,-0.4161686599254608,-0.07356897741556168,0.4140898883342743,-0.4523144066333771,-0.05869251862168312,0.41483739018440247,-0.45270615816116333,-0.05803656578063965,0.41483116149902344,-0.4534107446670532,-0.05796849727630615,0.4012174606323242,-0.45805788040161133,-0.08331988751888275,0.40214303135871887,-0.45849665999412537,-0.08415588736534119,0.4026409089565277,-0.45980000495910645,-0.08321156352758408,0.37693890929222107,-0.497871458530426,0.04436509311199188,0.32063302397727966,-0.5262174010276794,-0.08878593146800995,0.36564067006111145,-0.41895461082458496,-0.034013789147138596,0.34864312410354614,-0.42704710364341736,-0.06792868673801422,0.26598596572875977,-0.3684234917163849,0.16050393879413605,0.16227547824382782,-0.45240145921707153,-0.10273324698209763,0.16182444989681244,-0.17023102939128876,0.17405450344085693,-0.04671357572078705,-0.31383854150772095,-0.2247379869222641,0.2812749743461609,-0.11325898766517639,0.04440027475357056,0.08819236606359482,-0.23010067641735077,-0.38040801882743835,0.29687899351119995,-0.08949416130781174,0.033461347222328186,0.12739984691143036,-0.1896742284297943,-0.41382622718811035,0.33323782682418823,-0.09292799979448318,0.01696169748902321,0.1645110547542572,-0.20842057466506958,-0.40278926491737366,0.2987709641456604,-0.11129462718963623,0.035108502954244614,0.11254513263702393,-0.228819340467453,-0.3765486478805542,0.03790511563420296,0.013738124631345272,0.09826777875423431,-0.03750886023044586,-0.014123148284852505,-0.09681537747383118,-0.06229543313384056,0.4084819257259369,0.0526895672082901,0.012204231694340706,0.3990863859653473,-0.07532407343387604,-0.05147630348801613,0.7818213701248169,0.05012587085366249,0.0563395731151104,0.7927982211112976,-0.09282804280519485,-0.039724718779325485,0.8329297304153442,0.04127205163240433,0.06413444131612778,0.8402161002159119,-0.1023615151643753,0.08569388091564178,0.8598493933677673,-0.03296807035803795,0.18606439232826233,0.8476445078849792,-0.19684654474258423
0.3889259696006775,-0.4208625257015228,-0.0722222775220871,0.40862366557121277,-0.4565226137638092,-0.058033447712659836,0.4093594551086426,-0.4568846523761749,-0.057378221303224564,0.40935468673706055,-0.4575743079185486,-0.05728072673082352,0.39728984236717224,-0.46243467926979065,-0.08315758407115936,0.3981996476650238,-0.4629039466381073,-0.08397013694047928,0.39865943789482117,-0.46421653032302856,-0.08303569257259369,0.3664136826992035,-0.5052143335342407,0.04353807121515274,0.31737881898880005,-0.5327981114387512,-0.08956093341112137,0.3577565550804138,-0.42535579204559326,-0.03386254236102104,0.3430776298046112,-0.43283626437187195,-0.06839955598115921,0.2538124918937683,-0.37704727053642273,0.15744371712207794,0.15170960128307343,-0.4570715129375458,-0.10479997843503952,0.15976665914058685,-0.17851316928863525,0.17228925228118896,-0.059105850756168365,-0.31949180364608765,-0.22574248909950256,0.26679033041000366,-0.11995939910411835,0.04734580218791962,0.06945846974849701,-0.2442297637462616,-0.37486928701400757,0.2761833965778351,-0.09648648649454117,0.037616051733493805,0.10591792315244675,-0.20784412324428558,-0.40736281871795654,0.3109583556652069,-0.10151518136262894,0.022245388478040695,0.1421632319688797,-0.22486460208892822,-0.3935111165046692,0.28276947140693665,-0.11865275353193283,0.038999296724796295,0.09345235675573349,-0.24326711893081665,-0.3697021007537842,0.0365743413567543,0.013148483820259571,0.09831168502569199,-0.03618990257382393,-0.013542590662837029,-0.0968591570854187,-0.08275555074214935,0.40756499767303467,0.0852634459733963,0.026350198313593864,0.4008232057094574,-0.07610294222831726,-0.08936398476362228,0.7752140760421753,0.10915099829435349,0.08100182563066483,0.7959901690483093,-0.09536748379468918,-0.0812319666147232,0.825589120388031,0.10331550985574722,0.08855869621038437,0.8432124853134155,-0.10374550521373749,0.03128845989704132,0.8574621677398682,0.03632276505231857,0.19799372553825378,0.8525089621543884,-0.20020656287670135
0.39089158177375793,-0.42997097969055176,-0.05939566716551781,0.40840470790863037,-0.46855074167251587,-0.047501422464847565,0.40913838148117065,-0.4688822329044342,-0.04683472588658333,0.4091182053089142,-0.469593346118927,-0.046638671308755875,0.3985151946544647,-0.4714469611644745,-0.07535373419523239,0.3994402587413788,-0.47193416953086853,-0.07608529180288315,0.39989450573921204,-0.4732806384563446,-0.07511808723211288,0.3537914752960205,-0.5280106663703918,0.04444293677806854,0.3168293833732605,-0.5411000847816467,-0.09139622747898102,0.3567328155040741,-0.43781834840774536,-0.025347905233502388,0.34443026781082153,-0.441162109375,-0.06328798085451126,0.24116075038909912,-0.40059971809387207,0.15325602889060974,0.14451183378696442,-0.4635521471500397,-0.10974562913179398,0.15427888929843903,-0.20594190061092377,0.18729501962661743,-0.07050219178199768,-0.32559487223625183,-0.23272110521793365,0.2512401342391968,-0.13944509625434875,0.12622667849063873,0.0511760376393795,-0.2539346516132355,-0.3777208626270294,0.2546062469482422,-0.11472869664430618,0.12492493540048599,0.08313164114952087,-0.22026947140693665,-0.40870383381843567,0.2884443998336792,-0.12242970615625381,0.10645955055952072,0.11974175274372101,-0.23765774071216583,-0.39526593685150146,0.2663159668445587,-0.13838201761245728,0.1186826303601265,0.07497169822454453,-0.253804087638855,-0.3723802864551544,0.03415897116065025,0.01121369656175375,0.09837662428617477,-0.033796537667512894,-0.011644675396382809,-0.09692270308732986,-0.0917796790599823,0.40630263090133667,0.11222851276397705,0.04026291146874428,0.40694355964660645,-0.08011370897293091,-0.10479848831892014,0.771460235118866,0.14729371666908264,0.08884108066558838,0.8014692664146423,-0.09625031799077988,-0.09829574078321457,0.8215164542198181,0.14211870729923248,0.09505292773246765,0.8481931090354919,-0.10468773543834686,0.008654290810227394,0.8577210903167725,0.08087947964668274,0.19465212523937225,0.867491602897644,-0.20213501155376434
0.37781333923339844,-0.4313834011554718,-0.06103244423866272,0.3969786465167999,-0.46954020857810974,-0.05034468322992325,0.3976491689682007,-0.46985307335853577,-0.049653977155685425,0.3976036608219147,-0.47057053446769714,-0.049400970339775085,0.38744691014289856,-0.473032146692276,-0.07774621993303299,0.3883683383464813,-0.473510205745697,-0.07843150943517685,0.38874873518943787,-0.4748699367046356,-0.07746176421642303,0.3467734754085541,-0.5289117693901062,0.038709256798028946,0.3079003393650055,-0.546471357345581,-0.09740258008241653,0.34324607253074646,-0.4396933913230896,-0.027846919372677803,0.3310399353504181,-0.4439319372177124,-0.06565903127193451,0.23943392932415009,-0.4058822691440582,0.13623861968517303,0.12426742166280746,-0.47032058238983154,-0.11007893830537796,0.15625660121440887,-0.2184610217809677,0.18586058914661407,-0.08400312811136246,-0.3299753665924072,-0.2328353226184845,0.23867008090019226,-0.14504694938659668,0.1305636763572693,0.04516798257827759,-0.26403191685676575,-0.37549716234207153,0.23692306876182556,-0.11625515669584274,0.13013945519924164,0.08038977533578873,-0.23180580139160156,-0.4047406017780304,0.26622676849365234,-0.12508925795555115,0.11236079782247543,0.11614178866147995,-0.2509533166885376,-0.39132317900657654,0.2508067488670349,-0.14389568567276,0.12420068681240082,0.06941643357276917,-0.2648347020149231,-0.36965954303741455,0.034285712987184525,0.010945023037493229,0.09759654849767685,-0.03392240032553673,-0.011383007280528545,-0.0961577445268631,-0.09510764479637146,0.40633416175842285,0.12247858941555023,0.03784822300076485,0.40676748752593994,-0.09031510353088379,-0.14689335227012634,0.7650547623634338,0.1740202009677887,0.0846564769744873,0.8031777739524841,-0.1137038990855217,-0.1464969515800476,0.8144757747650146,0.1705920547246933,0.08956591039896011,0.8503163456916809,-0.12099099159240723,-0.05409950762987137,0.8600287437438965,0.10859967768192291,0.17925798892974854,0.87729412317276,-0.2153511792421341
0.3752885162830353,-0.4322490692138672,-0.08973941206932068,0.39318639039993286,-0.4713332951068878,-0.0804779976606369,0.3937910497188568,-0.4716145098209381,-0.07982384413480759,0.3937402367591858,-0.472343772649765,-0.07953716814517975,0.3844177722930908,-0.4742647707462311,-0.10823860764503479,0.38532018661499023,-0.4747418165206909,-0.10886992514133453,0.3856488764286041,-0.47609588503837585,-0.10804538428783417,0.33904099464416504,-0.5332337617874146,0.004280578810721636,0.3025565445423126,-0.5482390522956848,-0.13682235777378082,0.3390553891658783,-0.44109439849853516,-0.05729781836271286,0.3277076184749603,-0.4445876479148865,-0.09582871198654175,0.23875391483306885,-0.4129374623298645,0.09308403730392456,0.10590697079896927,-0.471752405166626,-0.13160143792629242,0.15202604234218597,-0.23078247904777527,0.14183224737644196,-0.09611383080482483,-0.3261394500732422,-0.24556732177734375,0.2212027907371521,-0.14958296716213226,0.06628461182117462,0.034401457756757736,-0.26216763257980347,-0.3892984390258789,0.22038818895816803,-0.11848162114620209,0.06022946909070015,0.07083187252283096,-0.2312045395374298,-0.42250531911849976,0.2479010373353958,-0.12745259702205658,0.03752121329307556,0.10755304247140884,-0.2549138069152832,-0.41257619857788086,0.23230035603046417,-0.1479720026254654,0.058022111654281616,0.06024551019072533,-0.2642754018306732,-0.38508108258247375,0.037495359778404236,0.009871810674667358,0.09596113115549088,-0.03716011345386505,-0.010332606732845306,-0.09453487396240234,-0.08885948359966278,0.4039904773235321,0.13476455211639404,0.04212461784482002,0.4083198308944702,-0.09684278815984726,-0.19246557354927063,0.7244753241539001,0.20150107145309448,0.08199594169855118,0.8033111691474915,-0.11565558612346649,-0.19983258843421936,0.7701795101165771,0.19924412667751312,0.08518470823764801,0.850499153137207,-0.12245699018239975,-0.12638860940933228,0.8464353084564209,0.13869670033454895,0.16869580745697021,0.8851818442344666,-0.21671360731124878
0.3692839741706848,-0.432091623544693,-0.09147816151380539,0.3878178298473358,-0.4711756110191345,-0.08194714039564133,0.38836437463760376,-0.4714554250240326,-0.08130615949630737,0.38831624388694763,-0.47218048572540283,-0.08103413879871368,0.37955257296562195,-0.4741530418395996,-0.10916952788829803,0.38035932183265686,-0.47463101148605347,-0.10985976457595825,0.3806179165840149,-0.4759787619113922,-0.10906992107629776,0.3343321979045868,-0.5324562191963196,0.002944420324638486,0.2982029914855957,-0.548136830329895,-0.13613298535346985,0.33268046379089355,-0.4408321678638458,-0.05889672413468361,0.32160210609436035,-0.44432470202445984,-0.09674125909805298,0.23949278891086578,-0.40929853916168213,0.08968976885080338,0.09301981329917908,-0.4744294583797455,-0.13101829588413239,0.1536862701177597,-0.22513265907764435,0.09134309738874435,-0.10968682914972305,-0.3268176019191742,-0.24008557200431824,0.21416297554969788,-0.14828351140022278,-0.05939076840877533,0.019461337476968765,-0.2761910855770111,-0.38328272104263306,0.20948655903339386,-0.12003172188997269,-0.07768755406141281,0.05722787603735924,-0.24841897189617157,-0.4170091450214386,0.234163299202919,-0.13358110189437866,-0.09300831705331802,0.09332915395498276,-0.2752391993999481,-0.40810513496398926,0.22296196222305298,-0.14911358058452606,-0.0672442615032196,0.045541174709796906,-0.27994248270988464,-0.37959861755371094,0.04147261008620262,0.009840115904808044,0.09451429545879364,-0.04119732603430748,-0.010304873809218407,-0.09315673261880875,-0.08594715595245361,0.40376952290534973,0.12716613709926605,0.04484302178025246,0.40819060802459717,-0.09647748619318008,-0.18310725688934326,0.7210605144500732,0.18034110963344574,0.08454227447509766,0.802840530872345,-0.10457756370306015,-0.18955457210540771,0.7667911052703857,0.17675131559371948,0.08726020157337189,0.8501170873641968,-0.10988935828208923,-0.11385591328144073,0.8461481332778931,0.11307057738304138,0.16738145053386688,0.883578896522522,-0.20416487753391266
0.36906740069389343,-0.4340095520019531,-0.10665661841630936,0.385110080242157,-0.4746578633785248,-0.0972457304596901,0.38565564155578613,-0.47493261098861694,-0.09663461148738861,0.38559263944625854,-0.4756472110748291,-0.09636881947517395,0.3767167329788208,-0.47672808170318604,-0.12531982362270355,0.3775126338005066,-0.47722262144088745,-0.1260126233100891,0.3777630627155304,-0.4785682260990143,-0.12520265579223633,0.32779833674430847,-0.5363935232162476,-0.010565453208982944,0.289876252412796,-0.5493583679199219,-0.15385282039642334,0.332334965467453,-0.4424448013305664,-0.07277290523052216,0.32078924775123596,-0.44512784481048584,-0.11147499084472656,0.24016785621643066,-0.41565370559692383,0.08209379017353058,0.08774755150079727,-0.47482550144195557,-0.14519137144088745,0.1543785035610199,-0.22733671963214874,0.07203526794910431,-0.1082952469587326,-0.32545384764671326,-0.25306016206741333,0.2173546850681305,-0.16009041666984558,-0.0915115624666214,0.022894922643899918,-0.26697683334350586,-0.3895849287509918,0.21615372598171234,-0.13187064230442047,-0.11206547170877457,0.06182399392127991,-0.23623345792293549,-0.42556509375572205,0.23909324407577515,-0.14689208567142487,-0.12955227494239807,0.0995841845870018,-0.2587882876396179,-0.4184165894985199,0.2259783297777176,-0.16147562861442566,-0.10125190764665604,0.049653489142656326,-0.2688751220703125,-0.3865980803966522,0.042825162410736084,0.00855675432831049,0.09454662352800369,-0.042582493275403976,-0.009045405313372612,-0.09318843483924866,-0.06743434816598892,0.40221482515335083,0.12642990052700043,0.06277113407850266,0.4032864272594452,-0.09650954604148865,-0.19035544991493225,0.7137839794158936,0.1764548122882843,0.08502020686864853,0.7965226769447327,-0.10212337225675583,-0.19930127263069153,0.7593293190002441,0.17256800830364227,0.08661583065986633,0.8443544507026672,-0.10740089416503906,-0.12037993967533112,0.8430004119873047,0.11400622129440308,0.17318940162658691,0.8809984922409058,-0.19889293611049652
0.3610052764415741,-0.43630754947662354,-0.10364892333745956,0.37580010294914246,-0.4772106409072876,-0.09357816725969315,0.37630876898765564,-0.4774869978427887,-0.09295604377985,0.37623029947280884,-0.47817686200141907,-0.09270983934402466,0.36684465408325195,-0.47904321551322937,-0.12136518210172653,0.3676219582557678,-0.47955524921417236,-0.12206591665744781,0.36783939599990845,-0.4809054434299469,-0.12124166637659073,0.3191779553890228,-0.5387500524520874,-0.005483957938849926,0.27705973386764526,-0.5508225560188293,-0.14740535616874695,0.32524359226226807,-0.44453519582748413,-0.06951802223920822,0.31265684962272644,-0.4467039406299591,-0.10790468752384186,0.23656460642814636,-0.4219370484352112,0.08853252232074738,0.08438989520072937,-0.47461575269699097,-0.14301399886608124,0.16426557302474976,-0.23079192638397217,0.09075097739696503,-0.11139613389968872,-0.3249797821044922,-0.25157663226127625,0.2228749841451645,-0.1634846329689026,-0.060283489525318146,0.022374119609594345,-0.2583950161933899,-0.37787926197052,0.22142885625362396,-0.1326359361410141,-0.07929227501153946,0.06278146058320999,-0.22187408804893494,-0.41273680329322815,0.24064625799655914,-0.14923661947250366,-0.09663756191730499,0.10184326022863388,-0.2530592083930969,-0.40745559334754944,0.23059330880641937,-0.16510172188282013,-0.06959495693445206,0.049552612006664276,-0.26238948106765747,-0.3750949800014496,0.04285445436835289,0.007174635771661997,0.09561832249164581,-0.042614780366420746,-0.007659048307687044,-0.09430486708879471,0.0001804249477572739,0.4007035493850708,0.11789972335100174,0.07662446051836014,0.40248799324035645,-0.09448832273483276,-0.17104889452457428,0.6888384222984314,0.15198960900306702,0.0806044340133667,0.796453058719635,-0.08743250370025635,-0.1794336587190628,0.7303168773651123,0.14734143018722534,0.08158832043409348,0.8441988825798035,-0.09117935597896576,-0.09882508963346481,0.8165025115013123,0.10998495668172836,0.17878295481204987,0.881176769733429,-0.17505723237991333
0.35884636640548706,-0.4428572952747345,-0.10178437829017639,0.3728059232234955,-0.48426225781440735,-0.0913422480225563,0.3732984960079193,-0.4845297634601593,-0.09071433544158936,0.37320220470428467,-0.48520350456237793,-0.09048065543174744,0.3635861575603485,-0.485566109418869,-0.11906124651432037,0.3643668293952942,-0.4861055314540863,-0.11976047605276108,0.36456796526908875,-0.48745834827423096,-0.11893322318792343,0.315147340297699,-0.5443520545959473,-0.002515543717890978,0.27149561047554016,-0.5546983480453491,-0.1439531296491623,0.3231678307056427,-0.45008307695388794,-0.06729907542467117,0.31019172072410583,-0.4515666365623474,-0.10550640523433685,0.23602451384067535,-0.42681342363357544,0.09326158463954926,0.08053337037563324,-0.4751109480857849,-0.14316406846046448,0.1670602709054947,-0.23576720058918,0.0992322638630867,-0.11249551177024841,-0.32388830184936523,-0.2508470118045807,0.22485429048538208,-0.1659488081932068,-0.04982392489910126,0.02159196510910988,-0.2512974441051483,-0.3732123374938965,0.2235856056213379,-0.13374030590057373,-0.06822576373815536,0.062103044241666794,-0.21013875305652618,-0.40800556540489197,0.2432788610458374,-0.15022099018096924,-0.0859980657696724,0.10214197635650635,-0.24582187831401825,-0.4036446809768677,0.23247464001178741,-0.1673591136932373,-0.05939061939716339,0.048972487449645996,-0.25643619894981384,-0.37063172459602356,0.043669652193784714,0.0064768316224217415,0.09618040174245834,-0.043464332818984985,-0.006972779519855976,-0.09490328282117844,0.006502535194158554,0.3996752202510834,0.11746521294116974,0.07828806340694427,0.4011327922344208,-0.0955280065536499,-0.1807185560464859,0.676738977432251,0.1513185203075409,0.07679079473018646,0.7960802316665649,-0.08850094676017761,-0.19457103312015533,0.7174023389816284,0.14692142605781555,0.07770898193120956,0.8441308736801147,-0.0925614982843399,-0.122860848903656,0.8076871633529663,0.10202092677354813,0.17813026905059814,0.8826301097869873,-0.1775822788476944
0.36133214831352234,-0.44695407152175903,-0.10207700729370117,0.37513503432273865,-0.4893375635147095,-0.09143742173910141,0.3756271004676819,-0.4895975589752197,-0.09080556780099869,0.3755391538143158,-0.490287184715271,-0.09056531637907028,0.36610591411590576,-0.4897177517414093,-0.11928920447826385,0.3669063150882721,-0.4902910590171814,-0.11997094750404358,0.36712440848350525,-0.49161434173583984,-0.11919058114290237,0.3151407837867737,-0.5475450754165649,-0.004479370079934597,0.27414438128471375,-0.5553970336914062,-0.14681808650493622,0.32552409172058105,-0.4530172646045685,-0.06829100847244263,0.312833309173584,-0.45370176434516907,-0.10654616355895996,0.23707535862922668,-0.42452967166900635,0.08844518661499023,0.07814376801252365,-0.47491735219955444,-0.146210178732872,0.16653640568256378,-0.23248259723186493,0.09363291412591934,-0.11263016611337662,-0.3201886713504791,-0.24690106511116028,0.22746771574020386,-0.16145241260528564,-0.062041155993938446,0.027437448501586914,-0.2307610809803009,-0.36203697323799133,0.2272036224603653,-0.12202547490596771,-0.08255540579557419,0.0678131952881813,-0.1829962432384491,-0.39672109484672546,0.2486094981431961,-0.1426999568939209,-0.10336503386497498,0.10642988979816437,-0.22008958458900452,-0.3924538195133209,0.23575100302696228,-0.16298681497573853,-0.07319147139787674,0.05502978712320328,-0.23519666492938995,-0.35951167345046997,0.047897789627313614,0.00637971144169569,0.0962304174900055,-0.047787170857191086,-0.006876662839204073,-0.09495507925748825,0.030241375789046288,0.3996528089046478,0.1204870343208313,0.07257425785064697,0.3994022011756897,-0.11226631700992584,-0.1743030995130539,0.6769652962684631,0.17956498265266418,0.06152677908539772,0.7924842834472656,-0.11738454550504684,-0.1860136091709137,0.7183854579925537,0.17772182822227478,0.060532305389642715,0.8409960269927979,-0.12468338012695312,-0.1007981225848198,0.8078902959823608,0.1356850564479828,0.1624361127614975,0.8718703389167786,-0.223045215010643
0.36245566606521606,-0.4513755142688751,-0.10991446673870087,0.3749578595161438,-0.4948509931564331,-0.0985855683684349,0.3754461705684662,-0.4951168894767761,-0.09797601401805878,0.37535908818244934,-0.4957890808582306,-0.09784028679132462,0.3658033609390259,-0.4944554567337036,-0.1268884688615799,0.36663222312927246,-0.4950363039970398,-0.12750650942325592,0.36681079864501953,-0.49636468291282654,-0.12687507271766663,0.3124381899833679,-0.5515878796577454,-0.01147062424570322,0.2700459361076355,-0.556739091873169,-0.15453115105628967,0.32651394605636597,-0.45645079016685486,-0.07629162073135376,0.31374868750572205,-0.4562232196331024,-0.11474346369504929,0.23861069977283478,-0.4229941666126251,0.0756182000041008,0.06659924238920212,-0.4757118225097656,-0.15014410018920898,0.16713029146194458,-0.23033641278743744,0.07688748836517334,-0.11066590994596481,-0.31499549746513367,-0.2433137744665146,0.22826406359672546,-0.1455501765012741,-0.08242375403642654,0.0350697785615921,-0.20602592825889587,-0.35409364104270935,0.22812741994857788,-0.09476570039987564,-0.10707180202007294,0.08021654188632965,-0.14908477663993835,-0.38958126306533813,0.252312570810318,-0.11686000972986221,-0.13070163130760193,0.13090266287326813,-0.18684972822666168,-0.38678354024887085,0.23789966106414795,-0.14532215893268585,-0.09519429504871368,0.06904850900173187,-0.20825164020061493,-0.35286903381347656,0.059075262397527695,0.0063827987760305405,0.09512066841125488,-0.05898135155439377,-0.006883271504193544,-0.09378521144390106,0.04199044778943062,0.39977312088012695,0.10533061623573303,0.04134642705321312,0.40006333589553833,-0.10840120166540146,-0.1347934752702713,0.6823328733444214,0.173478364944458,0.04030415415763855,0.790534257888794,-0.07774178683757782,-0.14731383323669434,0.7244879603385925,0.17112183570861816,0.04026161506772041,0.8391481637954712,-0.08311744779348373,-0.07935694605112076,0.8120391368865967,0.12334086000919342,0.1288480907678604,0.870431125164032,-0.1957254707813263
0.3631242513656616,-0.4578646123409271,-0.11613844335079193,0.3741439878940582,-0.5024955868721008,-0.10386574268341064,0.3746468424797058,-0.5027779340744019,-0.10326638072729111,0.3745608329772949,-0.5034655332565308,-0.10317250341176987,0.3648720681667328,-0.5015153288841248,-0.13237251341342926,0.3657190501689911,-0.5020949840545654,-0.13299059867858887,0.365882933139801,-0.5034356117248535,-0.1323821246623993,0.3091784119606018,-0.5559080839157104,-0.015134308487176895,0.26582905650138855,-0.5592061281204224,-0.15872393548488617,0.3270656168460846,-0.4610620141029358,-0.08202557265758514,0.3142172396183014,-0.4602620601654053,-0.12068358063697815,0.23892956972122192,-0.4217754304409027,0.07199277728796005,0.06412967294454575,-0.47662442922592163,-0.15356089174747467,0.1587986946105957,-0.22910435497760773,0.0691721960902214,-0.1079786941409111,-0.3140946924686432,-0.24323582649230957,0.22895286977291107,-0.13395561277866364,-0.09404858201742172,0.044553834944963455,-0.19440118968486786,-0.35508906841278076,0.2305665910243988,-0.08147839456796646,-0.11928572505712509,0.09073837846517563,-0.13308994472026825,-0.39014410972595215,0.2548159062862396,-0.10055290907621384,-0.14425450563430786,0.14622260630130768,-0.1679987907409668,-0.3879728615283966,0.23865613341331482,-0.13211052119731903,-0.10791394114494324,0.08113942295312881,-0.19445419311523438,-0.3533019721508026,0.06533603370189667,0.006570696830749512,0.09441745281219482,-0.06521019339561462,-0.007085047196596861,-0.09303838014602661,0.03991948813199997,0.3997560143470764,0.09572148323059082,0.029746154323220253,0.3987821638584137,-0.10810200870037079,-0.11138874292373657,0.6874266266822815,0.1669851690530777,0.03207952156662941,0.7857497930526733,-0.075163334608078,-0.1208682656288147,0.7304109334945679,0.16531027853488922,0.03234068304300308,0.8346670866012573,-0.08058635145425797,-0.04581628367304802,0.8138616681098938,0.10674559324979782,0.11905743181705475,0.8654292821884155,-0.19540709257125854
0.36501896381378174,-0.45657727122306824,-0.11515971273183823,0.37448447942733765,-0.5007258653640747,-0.10336872935295105,0.3750099539756775,-0.5010194778442383,-0.10278341174125671,0.3749076724052429,-0.5017068386077881,-0.10274193435907364,0.36544686555862427,-0.5001345276832581,-0.13162924349308014,0.36630886793136597,-0.5007071495056152,-0.13225305080413818,0.3664689064025879,-0.5020466446876526,-0.13160809874534607,0.31140613555908203,-0.5546369552612305,-0.013721901923418045,0.26820293068885803,-0.5588006973266602,-0.15676912665367126,0.3283045291900635,-0.46014735102653503,-0.0810687392950058,0.3156445026397705,-0.45964229106903076,-0.11893995106220245,0.23946191370487213,-0.4191723167896271,0.07470598816871643,0.06888064742088318,-0.47649329900741577,-0.15440434217453003,0.14540742337703705,-0.2257697433233261,0.07672594487667084,-0.08955208957195282,-0.3074224591255188,-0.25076329708099365,0.2313932329416275,-0.12663280963897705,-0.0805487409234047,0.09772801399230957,-0.18738047778606415,-0.3561120927333832,0.24129104614257812,-0.07499420642852783,-0.10288919508457184,0.1484813094139099,-0.1262364387512207,-0.39125004410743713,0.2724790871143341,-0.08980639278888702,-0.1246911808848381,0.2021150439977646,-0.15929798781871796,-0.388772189617157,0.24430109560489655,-0.12351536750793457,-0.0923575907945633,0.13260135054588318,-0.1868710070848465,-0.35449424386024475,0.06559045612812042,0.007086501456797123,0.0935310497879982,-0.06547530740499496,-0.007634786423295736,-0.09213168919086456,0.028456546366214752,0.40315133333206177,0.08701550960540771,0.001091150683350861,0.39796414971351624,-0.07153572142124176,-0.043847084045410156,0.7405428886413574,0.13419559597969055,0.006324402987957001,0.7796923518180847,-0.023697251453995705,-0.039633769541978836,0.788658082485199,0.12895400822162628,0.007243037223815918,0.8278032541275024,-0.028605781495571136,0.07633733749389648,0.8485623598098755,0.05060930550098419,0.09837399423122406,0.859289288520813,-0.14202167093753815
0.37072163820266724,-0.4463200867176056,-0.10899858921766281,0.3801203966140747,-0.49038806557655334,-0.09898240119218826,0.3806988000869751,-0.4907461702823639,-0.09842827171087265,0.380564421415329,-0.49145039916038513,-0.09835228323936462,0.3730747699737549,-0.48809823393821716,-0.12834958732128143,0.37398281693458557,-0.488709032535553,-0.12900319695472717,0.3741801977157593,-0.490066796541214,-0.12830521166324615,0.31268829107284546,-0.5510203242301941,-0.011870739050209522,0.27859967947006226,-0.5471224188804626,-0.15546023845672607,0.33234989643096924,-0.45347025990486145,-0.07779809087514877,0.32241347432136536,-0.45089027285575867,-0.11733463406562805,0.23951858282089233,-0.411880761384964,0.07801083475351334,0.07836965471506119,-0.469797283411026,-0.16244558990001678,0.13468138873577118,-0.21300318837165833,0.08873670548200607,-0.059056635946035385,-0.28202173113822937,-0.2644191384315491,0.2541370689868927,-0.11283892393112183,-0.009040126577019691,0.14842788875102997,-0.18779122829437256,-0.36323943734169006,0.2771760821342468,-0.0613253079354763,-0.018167078495025635,0.2021465301513672,-0.1322832852602005,-0.3955720067024231,0.31831541657447815,-0.07075956463813782,-0.04008234664797783,0.25311753153800964,-0.1646537333726883,-0.3913481533527374,0.27399107813835144,-0.10771528631448746,-0.020261185243725777,0.18238236010074615,-0.18855834007263184,-0.36073869466781616,0.0647713914513588,0.007371395360678434,0.09271151572465897,-0.06465469300746918,-0.007952893152832985,-0.09129640460014343,0.02208087220788002,0.4061119258403778,0.08691606670618057,-0.0034597646445035934,0.3976433277130127,-0.05793048441410065,-0.003137962892651558,0.7617985606193542,0.12777826189994812,0.008965792134404182,0.7773336172103882,-0.012057090178132057,0.008533366024494171,0.8110365867614746,0.12187100201845169,0.010980411432683468,0.8249621391296387,-0.01682404801249504,0.13141362369060516,0.8547030091285706,0.04088260233402252,0.10589154064655304,0.8531737327575684,-0.12649910151958466
0.37085407972335815,-0.4410569965839386,-0.10818199813365936,0.38080060482025146,-0.4845409393310547,-0.09785476326942444,0.3813828229904175,-0.4848944842815399,-0.09729423373937607,0.38123875856399536,-0.485588401556015,-0.09720192849636078,0.3735162317752838,-0.48307305574417114,-0.12702153623104095,0.37441733479499817,-0.48365670442581177,-0.12767207622528076,0.3746144771575928,-0.48502117395401,-0.1269693523645401,0.3180222511291504,-0.5463067293167114,-0.011204115115106106,0.28118109703063965,-0.5442768335342407,-0.1542239934206009,0.33277907967567444,-0.4489156901836395,-0.07652594894170761,0.32270005345344543,-0.44693559408187866,-0.11622679233551025,0.24162058532238007,-0.4016353487968445,0.08004554361104965,0.08470399677753448,-0.46650561690330505,-0.16089560091495514,0.1364918053150177,-0.1917499601840973,0.08907465636730194,-0.023829385638237,-0.25776126980781555,-0.26360267400741577,0.270187109708786,-0.11507058143615723,-0.009883033111691475,0.1862787902355194,-0.1910761296749115,-0.3574150800704956,0.2921717166900635,-0.064399853348732,-0.019684359431266785,0.23998025059700012,-0.1339554637670517,-0.3860318064689636,0.337004154920578,-0.07501488924026489,-0.037817999720573425,0.28057581186294556,-0.1709206998348236,-0.3804577887058258,0.29190775752067566,-0.11032916605472565,-0.019344991073012352,0.21637067198753357,-0.19090813398361206,-0.35438916087150574,0.06575576215982437,0.00818556733429432,0.08836784958839417,-0.06565163284540176,-0.008825189433991909,-0.08695565909147263,0.018046140670776367,0.4085293412208557,0.0765131413936615,-0.013183840550482273,0.39757078886032104,-0.05085742846131325,0.004818553104996681,0.7679726481437683,0.11448030918836594,0.005674615036696196,0.7754003405570984,0.003211571602150798,0.014038721099495888,0.8166019320487976,0.10827336460351944,0.007877551950514317,0.8225349187850952,-0.0001027708567562513,0.1176418662071228,0.8612816333770752,0.017133042216300964,0.09291418641805649,0.8533363342285156,-0.11083421111106873
0.37059879302978516,-0.4413350820541382,-0.12814046442508698,0.3808434009552002,-0.48508867621421814,-0.11985017359256744,0.38142871856689453,-0.48545098304748535,-0.11933417618274689,0.38129425048828125,-0.48613283038139343,-0.1192229688167572,0.37329137325286865,-0.4838835597038269,-0.1472364068031311,0.3741973340511322,-0.4844716489315033,-0.14799155294895172,0.37440571188926697,-0.4858552813529968,-0.14719513058662415,0.31841418147087097,-0.5461922883987427,-0.036191947758197784,0.2807556390762329,-0.5444576740264893,-0.17270585894584656,0.3329470157623291,-0.4488189220428467,-0.09546206891536713,0.3226797580718994,-0.4469614326953888,-0.1331435889005661,0.24173857271671295,-0.39428389072418213,0.0656626895070076,0.08635411411523819,-0.45939552783966064,-0.1800287365913391,0.1384793221950531,-0.18554943799972534,0.09069646894931793,0.004188442137092352,-0.23737043142318726,-0.2730937600135803,0.2880120873451233,-0.10718989372253418,0.01791207119822502,0.2211061418056488,-0.19287768006324768,-0.36656004190444946,0.31063592433929443,-0.060968805104494095,0.014321749098598957,0.27508455514907837,-0.14644761383533478,-0.3947991132736206,0.3556842505931854,-0.0711202397942543,-0.006738020107150078,0.31109437346458435,-0.18834303319454193,-0.3887423872947693,0.30999556183815,-0.103890061378479,0.008831778541207314,0.24932754039764404,-0.1937311887741089,-0.36355075240135193,0.06758060306310654,0.00886356458067894,0.08647113293409348,-0.06750936806201935,-0.009559384547173977,-0.08504650741815567,0.01575690135359764,0.40891844034194946,0.07024635374546051,-0.029894886538386345,0.39783236384391785,-0.0520169697701931,-0.004684688989073038,0.7699770331382751,0.11190920323133469,-0.021807478740811348,0.775772750377655,0.005973981227725744,0.0030098375864326954,0.8189310431480408,0.10603970289230347,-0.02049577608704567,0.8229801058769226,0.0023797156754881144,0.112149178981781,0.8657233715057373,0.014682014472782612,0.06232769414782524,0.8565726280212402,-0.11271565407514572
0.366263210773468,-0.44346189498901367,-0.14671379327774048,0.3771684169769287,-0.4872562885284424,-0.13755755126476288,0.37778440117836,-0.4876246452331543,-0.13701459765434265,0.37765824794769287,-0.4882879853248596,-0.1369350403547287,0.3677506446838379,-0.48731333017349243,-0.1634308099746704,0.36866599321365356,-0.4878954589366913,-0.16422700881958008,0.3689136505126953,-0.4892942011356354,-0.16335640847682953,0.31809449195861816,-0.545775294303894,-0.04728355258703232,0.27332794666290283,-0.5459175705909729,-0.17908844351768494,0.3310772478580475,-0.44897034764289856,-0.11087033897638321,0.3187817931175232,-0.4479054808616638,-0.1468915343284607,0.242518812417984,-0.38707149028778076,0.06221776083111763,0.08653345704078674,-0.45832183957099915,-0.1847962737083435,0.13981793820858002,-0.17917364835739136,0.09194759279489517,0.008705959655344486,-0.23554597795009613,-0.27886366844177246,0.29194796085357666,-0.10285813361406326,0.011362506076693535,0.22793690860271454,-0.19438552856445312,-0.3774014711380005,0.3129085898399353,-0.058620575815439224,0.005662164650857449,0.2824094295501709,-0.14983157813549042,-0.4057350158691406,0.35685914754867554,-0.0688638761639595,-0.014970671385526657,0.31698185205459595,-0.1931016594171524,-0.3996029496192932,0.31279584765434265,-0.10048893839120865,0.002216945867985487,0.25550901889801025,-0.19424211978912354,-0.3744610846042633,0.07038230448961258,0.010418607853353024,0.0852728858590126,-0.07032469660043716,-0.011178242042660713,-0.0838460624217987,0.014473740011453629,0.4111418128013611,0.06457328796386719,-0.038231633603572845,0.39783725142478943,-0.04883579537272453,-0.012225478887557983,0.7733190655708313,0.1074204295873642,-0.03305697813630104,0.7757043242454529,0.01748247630894184,-0.004788958001881838,0.8226554989814758,0.10152314603328705,-0.03241841867566109,0.8231311440467834,0.014173310250043869,0.10602809488773346,0.8701390624046326,0.006761297583580017,0.04640495032072067,0.8568522334098816,-0.10480113327503204
0.3607468008995056,-0.45216986536979675,-0.14757920801639557,0.3715696930885315,-0.4959127604961395,-0.13874836266040802,0.37220531702041626,-0.49628376960754395,-0.13820447027683258,0.3720993101596832,-0.4969274699687958,-0.1380985826253891,0.3615477979183197,-0.496646910905838,-0.16430208086967468,0.36248084902763367,-0.4972307085990906,-0.16507890820503235,0.3627355098724365,-0.49864038825035095,-0.16422128677368164,0.3141857385635376,-0.5479995608329773,-0.05004807934165001,0.26686349511146545,-0.5513350367546082,-0.17979983985424042,0.32703515887260437,-0.4541616141796112,-0.11225562542676926,0.31402069330215454,-0.45419541001319885,-0.14771276712417603,0.24248209595680237,-0.387508362531662,0.06069951876997948,0.08653726428747177,-0.4576302468776703,-0.19003826379776,0.14355528354644775,-0.1815713346004486,0.09224618971347809,0.02191936783492565,-0.2302682101726532,-0.2809709310531616,0.3042858839035034,-0.10241817682981491,0.01823718659579754,0.2467665821313858,-0.1954965740442276,-0.3768906593322754,0.3247216045856476,-0.058368802070617676,0.014094668440520763,0.3009272813796997,-0.15431128442287445,-0.40554457902908325,0.36692744493484497,-0.06862770020961761,-0.007470688316971064,0.33426061272621155,-0.1981727033853531,-0.39940088987350464,0.3242069184780121,-0.10015981644392014,0.009037978947162628,0.27366772294044495,-0.19543443620204926,-0.37393516302108765,0.07120572030544281,0.011374312452971935,0.08471407741308212,-0.07116415351629257,-0.012166228145360947,-0.08328636735677719,0.012068233452737331,0.412096232175827,0.06559856235980988,-0.04458043351769447,0.39792025089263916,-0.05086245760321617,-0.02019578218460083,0.7733001708984375,0.11016256362199783,-0.051708269864320755,0.7758437395095825,0.010655423626303673,-0.013525868766009808,0.8226146697998047,0.1045074388384819,-0.05223669111728668,0.8233669400215149,0.0069033242762088776,0.09635800868272781,0.8717157244682312,0.01392369531095028,0.028282077983021736,0.8581799268722534,-0.11102370917797089
0.3585610091686249,-0.45289453864097595,-0.14238576591014862,0.3698993921279907,-0.4965290129184723,-0.1331349015235901,0.3705334961414337,-0.49690085649490356,-0.13258178532123566,0.37044399976730347,-0.4975312650203705,-0.13246631622314453,0.35995084047317505,-0.49732452630996704,-0.1591886729001999,0.3608815670013428,-0.497912734746933,-0.15995009243488312,0.3611397445201874,-0.4993167817592621,-0.15911100804805756,0.3131667971611023,-0.548107385635376,-0.04488927498459816,0.266045480966568,-0.5522081851959229,-0.17700816690921783,0.32522913813591003,-0.4546656608581543,-0.1073300689458847,0.3121706247329712,-0.454928994178772,-0.14338049292564392,0.2425784021615982,-0.38692694902420044,0.06317397207021713,0.08659107983112335,-0.4569050073623657,-0.18746663630008698,0.14926530420780182,-0.18084552884101868,0.09280230849981308,0.028428487479686737,-0.2279338389635086,-0.27838394045829773,0.30719849467277527,-0.09887908399105072,0.014268431812524796,0.2519966661930084,-0.19633187353610992,-0.3698658049106598,0.3256811201572418,-0.05439196154475212,0.008332942612469196,0.30559679865837097,-0.15616248548030853,-0.3984528183937073,0.36566638946533203,-0.0658569261431694,-0.012791402637958527,0.3387189209461212,-0.20026034116744995,-0.39197009801864624,0.32558342814445496,-0.09709172695875168,0.004931185860186815,0.2785455882549286,-0.1960311233997345,-0.3667571246623993,0.07150811702013016,0.012281986884772778,0.08445031940937042,-0.07148268073797226,-0.013090888038277626,-0.0830295979976654,0.008592016063630581,0.41308918595314026,0.06633865833282471,-0.045165903866291046,0.3980506956577301,-0.05195694789290428,-0.02447519078850746,0.7748672962188721,0.11185740679502487,-0.057608187198638916,0.7759609222412109,0.007479601074010134,-0.017992012202739716,0.8244317770004272,0.10634707659482956,-0.05888626351952553,0.8234772086143494,0.0036017464008182287,0.09238633513450623,0.8740689754486084,0.017264876514673233,0.022642994299530983,0.8601334691047668,-0.11362630873918533
0.35848525166511536,-0.45487338304519653,-0.14091220498085022,0.36900949478149414,-0.49888864159584045,-0.13209868967533112,0.36963969469070435,-0.4992654621601105,-0.13155780732631683,0.3695668578147888,-0.4998815953731537,-0.13143670558929443,0.35923320055007935,-0.49927806854248047,-0.15827521681785583,0.3601648211479187,-0.49987733364105225,-0.1590317189693451,0.3604222536087036,-0.5012878775596619,-0.1581917256116867,0.3103206157684326,-0.5488564968109131,-0.045810434967279434,0.26408663392066956,-0.5524598360061646,-0.17787164449691772,0.3250046372413635,-0.4557311236858368,-0.10638255625963211,0.31209105253219604,-0.45573684573173523,-0.14250236749649048,0.24265064299106598,-0.3867793381214142,0.06269516050815582,0.08671965450048447,-0.4523754119873047,-0.19174928963184357,0.15908488631248474,-0.18109315633773804,0.0929814949631691,0.043426647782325745,-0.22362174093723297,-0.28030040860176086,0.31843894720077515,-0.09302332997322083,0.018156180158257484,0.2635613679885864,-0.20052564144134521,-0.3706016540527344,0.33771318197250366,-0.04899165779352188,0.014099576510488987,0.3161974549293518,-0.17107874155044556,-0.40004420280456543,0.3763975203037262,-0.0593966469168663,-0.009386123158037663,0.34596794843673706,-0.2138918936252594,-0.392912894487381,0.33647581934928894,-0.09075363725423813,0.008342020213603973,0.2886924743652344,-0.20558957755565643,-0.36744433641433716,0.0714653953909874,0.012510503642261028,0.08429354429244995,-0.07144351303577423,-0.013322578743100166,-0.08287584036588669,0.005335825961083174,0.4132254719734192,0.066262386739254,-0.04638204351067543,0.3985568881034851,-0.05326119437813759,-0.028152713552117348,0.7756015062332153,0.11230793595314026,-0.06370289623737335,0.7765772342681885,0.004777161404490471,-0.022281361743807793,0.8251309394836426,0.10676851123571396,-0.06510511040687561,0.8243412375450134,0.0006028137868270278,0.0867530032992363,0.8739302754402161,0.017239322885870934,0.017326967790722847,0.8611460328102112,-0.11649946868419647
