hip_x_diff,hip_y_diff,hip_depth_diff,knee_x_diff,knee_y_diff,knee_depth_diff,ankle_x_diff,ankle_y_diff,ankle_depth_diff,heel_x_diff,heel_y_diff,heel_depth_diff,footindex_x_diff,footindex_y_diff,footindex_depth_diff
-0.0657130926847457,0.004447960294783,-0.1910137683153152,0.017527513206005096,-0.0018107891082764227,-0.1904069446027278,0.006064198911190102,0.006939530372619629,-0.18030970916152,-0.004551038146018996,0.006897270679473877,-0.1790761798620224,-0.011488251388072995,0.0068048834800720215,-0.2229264192283153
-0.06710762158036229,0.0035487447166814,-0.1895522773265838,0.009963999968022101,-0.0012919604778289795,-0.18968739733099932,0.0011590197682379982,0.011406421661376953,-0.1730865873396397,-0.009989961981773404,0.01270151138305664,-0.1700076200067997,-0.018419653177261297,0.008983433246612549,-0.21144705265760422
-0.0769220553338527,0.0023565923911519,-0.1895526275038718,-0.04902269132435311,0.004798263311386164,-0.1870749071240424,-0.012675061821937506,0.02749735116958618,-0.1679472401738166,-0.021132774651050595,0.03080517053604126,-0.16582383587956429,-0.0233431505039334,0.018465042114257812,-0.215985894203186
-0.0904364511370658,0.0009041534794959,-0.18899954110383982,-0.1173533014953136,0.021469324827194214,-0.1774778813123702,-0.0976524297147989,0.02659440040588379,-0.1459693536162376,-0.10238323174417019,0.028374016284942627,-0.1432601660490036,-0.1070670764893293,0.02062523365020752,-0.20158484578132618
-0.0937192253768443,-0.0016738162958062001,-0.18892481923103321,-0.1545924097299575,0.027653247117996216,-0.15809718333184708,-0.1573005504906177,0.028312504291534424,-0.1146869137883186,-0.1633130237460136,0.030795931816101074,-0.11054975539445878,-0.1687294878065585,0.02318549156188965,-0.1646690022898838
-0.0925310850143431,-0.0040418175049125,-0.18961178511381138,-0.1803236156702041,0.0193672776222229,-0.1585508976131677,-0.2331329435110091,0.028764784336090088,-0.12690290808677682,-0.244997277855873,0.0293615460395813,-0.1241367608308792,-0.2610872164368629,0.02095162868499756,-0.1764232199639081
-0.0721473395824432,-0.0072377985343336,-0.19773881882429112,-0.1782317571341991,0.012583643198013306,-0.1708008088171482,-0.2571953684091567,0.016414523124694824,-0.1604079125443149,-0.2728274017572402,0.018218517303466797,-0.15808573062531642,-0.2957563325762748,0.0215301513671875,-0.20169433951377858
-0.0712653696537017,-0.007111548678949401,-0.1998387053608894,-0.2427468821406364,0.020118415355682373,-0.19620652496814722,-0.4732290506362915,0.01547008752822876,-0.2287004552781581,-0.5075264722108841,0.016869723796844482,-0.23007520847022528,-0.5638519376516342,0.03397047519683838,-0.2821155041456221
-0.0675935596227645,-0.0070787426084279,-0.2011386677622794,-0.2519485056400298,0.020133554935455378,-0.218357354402542,-0.5387420356273651,0.013589203357696533,-0.2683703750371932,-0.5792758166790009,0.013867080211639404,-0.2712076809257268,-0.6450055539608001,0.04273557662963867,-0.3255398869514464
-0.0665884315967559,-0.0067442806903271,-0.2022102996706962,-0.2805440127849578,0.021927684545517023,-0.22067373245954508,-0.6019372045993805,0.012954771518707275,-0.2637977991253136,-0.6459693014621735,0.012686371803283691,-0.265984883531928,-0.7162584960460663,0.05296581983566284,-0.322696454823017
-0.06594559550285331,-0.006752945948392,-0.20439130812883372,-0.29025805741548527,0.024600088596343994,-0.2237409576773643,-0.6420847773551941,-0.0006622672080993652,-0.2503472752869128,-0.6900689899921416,-0.0034772157669067383,-0.24993846565485,-0.7716639339923859,0.05350154638290405,-0.3010777086019516
-0.06603746488690371,-0.0071230300236492,-0.2057623714208602,-0.3302717804908752,0.02924507856369013,-0.2078455612063407,-0.6641700267791748,-0.025325000286102295,-0.2298917695879936,-0.7088982164859772,-0.03095388412475586,-0.229236178100109,-0.790814071893692,0.03275245428085327,-0.2771622240543365
-0.0660492181777953,-0.0080520682968198,-0.2069215923547743,-0.34914220869541157,0.04344657063484186,-0.2207590788602828,-0.6790046989917755,-0.057069242000579834,-0.25719399005174626,-0.7246705889701843,-0.06813240051269531,-0.2566790729761123,-0.8101891875267028,0.005944550037384033,-0.2973423674702643
-0.0659600347280502,-0.010261349380016199,-0.20776949822902668,-0.3431893959641456,0.03953775763511658,-0.24609072506427748,-0.7008474469184875,-0.0836026668548584,-0.2945010215044021,-0.7656918168067932,-0.09743207693099976,-0.2938263714313506,-0.8493202030658722,-0.031681180000305176,-0.3440663516521453
-0.06459227576851839,-0.0116207706741988,-0.2077416777610778,-0.3235911279916762,0.03247851133346552,-0.2591580301523208,-0.6492848396301268,-0.09553039073944092,-0.3343580812215804,-0.6962638199329376,-0.10982221364974976,-0.3379309847950934,-0.7821353077888489,-0.06074708700180054,-0.39167813956737507
-0.0639255642890929,-0.0121596069075166,-0.2075479924678802,-0.27765357494354237,0.025683045387268122,-0.2847701311111449,-0.5544380396604538,-0.11239725351333618,-0.3922851979732513,-0.5966830849647522,-0.12868928909301758,-0.3997566923499106,-0.685387521982193,-0.08406776189804077,-0.4570503830909728
-0.0605096779763698,-0.0141278435476123,-0.2075321674346923,-0.1573446765542029,-0.0059828162193298895,-0.25587261468172073,-0.4351894482970237,-0.10532855987548828,-0.3117843121290206,-0.4512831196188926,-0.11765313148498535,-0.3139023892581462,-0.49831116199493397,-0.08244717121124268,-0.3474048301577567
-0.057945786044001496,-0.0145109808072446,-0.2091182470321655,-0.0344789661467075,-0.040873229503631536,-0.2346160486340521,-0.08004873245954519,-0.07967495918273926,-0.2194868950173258,-0.08944475650787351,-0.08245760202407837,-0.2137540159747004,-0.10080813989043239,-0.044991135597229004,-0.2432881370186804
-0.0550173968076704,-0.0138810761272906,-0.2110021263360976,0.0402439888566731,-0.027480274438858032,-0.2269496917724608,-0.06565514206886292,-0.05117225646972656,-0.2023850055411458,-0.08704707026481628,-0.05257803201675415,-0.1954014347866178,-0.12151693459600209,-0.020318686962127686,-0.2314092889428137
-0.049966322258114704,-0.0138666993007063,-0.20825407654047,0.0703464467078446,-0.02408477663993841,-0.2209849879145621,0.009335175156593309,-0.03233146667480469,-0.1854088576510548,-0.006728723645210308,-0.03203415870666504,-0.1762860930175521,-0.0170263971667737,-0.021012723445892334,-0.1980607286095618
-0.0230198884382843,-0.0104411873035132,-0.2085128054022788,0.2445396184921264,-0.0537158846855163,-0.2393008545041083,0.2363747581839561,-0.05127686262130737,-0.1956936813658104,0.224641267210245,-0.053079962730407715,-0.1846356890164316,0.20907995477318758,-0.03465116024017334,-0.1948170699179172
-0.0210797442123292,-0.0093261445872485,-0.2072604149580001,0.266288824379444,-0.0527148842811585,-0.2340209186077117,0.3979523628950118,-0.03227001428604126,-0.1902876617386936,0.40422292053699493,-0.03277158737182617,-0.1812389896949754,0.407620146870613,-0.025915086269378662,-0.1808911636471748
-0.020659619942307403,-0.009279731195419999,-0.20670016855001438,0.3134609907865523,-0.057590395212173406,-0.2526584863662719,0.5371736884117126,-0.03598290681838989,-0.2494425335898994,0.5543085932731628,-0.03742331266403198,-0.2439633519970812,0.5630256235599517,-0.04118752479553223,-0.2550283744931221
-0.018722997047007,-0.0091624371707439,-0.20708096772432322,0.3610839396715164,-0.06760329008102423,-0.2587363570928573,0.6551766097545624,-0.053303301334381104,-0.2745461724698543,0.6802977621555328,-0.05470401048660278,-0.2744305050000548,0.6935318708419799,-0.08533340692520142,-0.2994253486394881
-0.018098800443112698,-0.0092384587042032,-0.2073571607470511,0.3861163556575774,-0.07336369156837469,-0.2564759925007819,0.7011832296848296,-0.04453837871551514,-0.2828967832028865,0.7291815876960754,-0.04379129409790039,-0.28560508415102953,0.7528640627861022,-0.08653807640075684,-0.319061741232872
-0.018470675684511502,-0.0090646003372966,-0.20741565525531758,0.42944853007793415,-0.08336272835731512,-0.253462828695774,0.7574136555194855,-0.01376795768737793,-0.2619379181414842,0.7873677015304565,-0.009790956974029541,-0.2637542225420474,0.8187681436538696,-0.05742835998535156,-0.2985281497240066
-0.0182242952287196,-0.0081315068528055,-0.20855827629566182,0.4718553423881531,-0.07813513278961182,-0.2563203126192092,0.760423094034195,0.036144793033599854,-0.2661449648439884,0.7850936055183411,0.04373878240585327,-0.266000548377633,0.8200299441814423,-0.004692256450653076,-0.2963132858276367
-0.0161825576797127,-0.0032272750977426,-0.2110565900802611,0.4409868568181991,-0.0562252402305603,-0.2553248107433319,0.7190009802579879,0.08968281745910645,-0.2332837656140326,0.7439196407794952,0.10242360830307007,-0.2299535777419804,0.7807902693748474,0.08015841245651245,-0.2513696178793906
-0.016025080345570902,-0.0007865047446102,-0.2110996320843696,0.39843781292438496,-0.04223597049713129,-0.2559329271316528,0.667452335357666,0.07451945543289185,-0.2561834789812564,0.6989978104829788,0.0849618911743164,-0.2533578090369701,0.7458246946334838,0.07744097709655762,-0.273479752242565
-0.018629078753292498,-0.0028668931918218003,-0.2087921574711799,0.2350445985794067,-0.043731570243835505,-0.2441765740513801,0.482952319085598,0.08627551794052124,-0.22434899769723418,0.504461646080017,0.1018836498260498,-0.2223243229091168,0.5730755478143691,0.09819847345352173,-0.2613833546638488
-0.0251926975324749,-0.0028957539470865,-0.208623558282852,0.14086577296257008,-0.03314700722694397,-0.2400617599487303,0.3298996835947036,0.10361969470977783,-0.23097728751599791,0.34501726552844036,0.11441880464553833,-0.2296337429434062,0.4170522540807723,0.10116821527481079,-0.2717575505375861
-0.0216555213555693,-0.0029287765501066,-0.20784365385770792,0.0812565572559833,-0.01942434906959528,-0.2218351550400256,0.1677315160632134,0.08420360088348389,-0.2130157761275769,0.170425619930029,0.09437823295593262,-0.2112124785780906,0.2144544124603271,0.10049575567245483,-0.2509132446721195
-0.0235831374302506,-0.0025609302101655997,-0.2130451947450637,0.0169183844700456,-0.013227373361587524,-0.2179088108241558,0.035182222723960904,0.04098916053771973,-0.2228286340832711,0.029457345604896504,0.04478633403778076,-0.2215137630701066,0.046854961663484504,0.03766721487045288,-0.24760005064308638
-0.0276309717446564,-0.0025732571957631997,-0.2135340347886085,-0.055452775210142,-0.0061714947223662775,-0.204231772571802,-0.1919235959649085,-0.002638518810272217,-0.2123316116631032,-0.2162714079022406,-0.0036298632621765137,-0.2102679237723351,-0.2463909052312373,0.01911032199859619,-0.21643238235265008
-0.0358777306973933,-0.0035283024189991996,-0.2129177004098891,-0.1650614142417907,-0.006424754858017023,-0.1992040164768695,-0.40067431330680836,0.006274878978729248,-0.2019034754484892,-0.435094267129898,0.007802248001098633,-0.200058052316308,-0.48889952898025496,0.03203022480010986,-0.2323911413550376
-0.038370698690414304,-0.008243121439590901,-0.212591603398323,-0.1936394050717353,-0.007106631994247381,-0.1855059042572975,-0.5313042700290679,0.013184726238250732,-0.15839745476841932,-0.5780739039182662,0.01619088649749756,-0.15313915908336642,-0.6493635326623916,0.07720792293548584,-0.1893101707100868
-0.0431585554033517,-0.009764764457941,-0.2129229307174682,-0.2747139483690261,0.014798313379287664,-0.1820072010159492,-0.6228230595588683,0.009822189807891846,-0.1688625263050197,-0.6700174510478973,0.013505816459655762,-0.1647817706689237,-0.7451565265655518,0.09921860694885254,-0.2055311799049377
-0.0473321639001369,-0.0117824967019259,-0.2140839546918868,-0.3004099503159522,0.025260239839553833,-0.1764681637287139,-0.6680598855018616,-0.028879165649414062,-0.1791785396635531,-0.7182897925376892,-0.03245145082473755,-0.1751980409026145,-0.8024994879961014,0.07179665565490723,-0.2071263343095779
-0.052941171452403,-0.0146370586007833,-0.2140609771013259,-0.3120386004447936,0.02459648251533514,-0.1763956546783447,-0.672833651304245,-0.062401652336120605,-0.186945229768753,-0.7217234075069427,-0.06565529108047485,-0.1824927106499672,-0.8099815547466278,0.04582470655441284,-0.2091333083808421
-0.058404276147484696,-0.016160303726792197,-0.2126312032341956,-0.2961911261081695,0.020794391632080078,-0.2144148871302604,-0.6541664600372314,-0.0901404619216919,-0.2414297387003898,-0.7036878168582916,-0.09768128395080566,-0.23759021610021588,-0.7995976805686951,-0.007190823554992676,-0.2612299695610999
-0.060990061610937,-0.0160664822906255,-0.2096408680081367,-0.2906751707196235,0.03187832236289978,-0.2343919724225998,-0.6020833402872086,-0.11455482244491577,-0.3019437566399573,-0.6507541984319686,-0.12926125526428223,-0.3026043549180031,-0.7650185823440552,-0.051865220069885254,-0.3309087753295898
-0.06427907198667521,-0.016264906153082702,-0.2070215195417404,-0.2394624985754489,0.025927245616912897,-0.255945324897766,-0.5458017289638519,-0.12000101804733276,-0.3480398058891296,-0.5826040208339691,-0.13288897275924683,-0.3463042229413985,-0.6700150072574615,-0.0759395956993103,-0.3664536327123641
-0.0568322204053401,-0.016369883902370798,-0.2108843848109244,-0.0773309450596571,-0.001067489385604914,-0.2577845379710196,-0.3718710504472255,-0.10709488391876221,-0.2895110622048377,-0.3929335102438926,-0.11526381969451904,-0.285252921283245,-0.45031602680683125,-0.059389710426330566,-0.2895845472812652
-0.0526616144925355,-0.0164312664419412,-0.2145479023456573,-0.0030188746750355044,-0.04345118999481201,-0.2334643974900244,-0.1714449264109135,-0.11312544345855713,-0.24736539088189602,-0.195676326751709,-0.11882811784744263,-0.24009651690721498,-0.2443795800209045,-0.10119056701660156,-0.2488778159022331
-0.050185890868306104,-0.015344151295721399,-0.2147745788097381,0.031191925285384097,-0.043783366680145264,-0.2187997996807097,-0.023801818490028298,-0.08278924226760864,-0.20854010432958608,-0.0378070920705796,-0.08124470710754395,-0.2017359808087349,-0.046018985100090504,-0.06541389226913452,-0.22081981971859918
-0.030201985500752898,-0.011899356264620901,-0.2147524282336235,0.16290300339460362,-0.052157849073410034,-0.2233178168535232,0.0773454904556275,-0.06946593523025513,-0.21429050154984,0.0563382059335709,-0.06862229108810425,-0.2035107351839543,0.0277345003560185,-0.04119664430618286,-0.2158269025385379
-0.0133119407109915,-0.0049454108811914,-0.2149052023887634,0.2401804625988006,-0.0568993985652923,-0.2298985868692397,0.24224094301462162,-0.04179394245147705,-0.2077998872846365,0.23169590905308718,-0.039414286613464355,-0.19618364423513418,0.2129474654793739,-0.01561439037322998,-0.208953209221363
-0.010705320164561199,-0.0006021787357894119,-0.21334757655858988,0.2705635353922843,-0.048416852951049805,-0.2268344536423683,0.3944150060415267,-0.025174438953399658,-0.202689306344837,0.3992021530866622,-0.022458195686340332,-0.1903439238667488,0.40456803143024445,-0.008611440658569336,-0.2003356963396071
-0.0122925932519136,0.0007984138210303,-0.2080732211470603,0.2872802838683128,-0.040979474782943726,-0.2174047604203223,0.5300273150205611,-0.030599117279052734,-0.20780717046000072,0.5495958477258682,-0.029407382011413574,-0.19897164776921278,0.5600197315216063,-0.0177304744720459,-0.2066294364631175
-0.0135478395968674,0.0004512232007982288,-0.20791748911142338,0.3398844003677368,-0.04338818788528448,-0.232664756476879,0.6462205946445464,-0.03522580862045288,-0.2359563233330845,0.6730750203132629,-0.035005152225494385,-0.23420135024935002,0.6909768432378768,-0.07129979133605957,-0.2664423808455466
-0.0145466621033846,-0.0012663801899178999,-0.2079792171716689,0.3894633054733276,-0.07185271382331843,-0.235953889787197,0.7149974405765533,-0.03600674867630005,-0.2562284804880618,0.7440089285373687,-0.03465372323989868,-0.2564653493463993,0.7688193023204803,-0.08500677347183228,-0.2918335050344467
-0.015032472554594199,-0.0017304093344136,-0.2076958417892456,0.411421999335289,-0.06851395964622503,-0.2364903166890143,0.7511509358882903,-0.00838780403137207,-0.2401038147509097,0.7821841239929199,-0.0053185224533081055,-0.23998168855905522,0.8130025267601013,-0.04996991157531738,-0.2773587852716446
-0.0156198586337268,-0.0006943505577509761,-0.2034930437803267,0.3946626782417297,-0.046816855669021606,-0.185108259320259,0.7212489545345306,0.05282032489776611,-0.1435118541121482,0.7518899440765381,0.06148165464401245,-0.1366877704858779,0.7923297584056853,0.015077054500579834,-0.1520327851176261
-0.0122048361226915,0.0005257189659459265,-0.2035413607954979,0.4071269631385802,-0.04946371912956232,-0.1745076999068259,0.7361648529767989,0.08166509866714478,-0.12222528085112559,0.7673377692699432,0.09600520133972168,-0.1138158701360225,0.8176226019859313,0.059956908226013184,-0.12038046494126309
-0.0084563260897993,0.0024105015909299,-0.2042066380381583,0.3946830183267593,-0.03616225719451904,-0.18929169327020628,0.6775403171777725,0.10337823629379272,-0.13638087362051,0.6901621669530867,0.11691701412200928,-0.1285722665488719,0.7174605131149291,0.10679513216018677,-0.1230335347354411
-0.008868367876857401,0.0029131211340426002,-0.2042341828346252,0.3427976071834563,-0.0029201805591583807,-0.213508442044258,0.5037413984537124,0.10633605718612671,-0.2214777637273072,0.5147082358598708,0.11493527889251709,-0.2182035632431506,0.54084375500679,0.10920017957687378,-0.2413732185959816
-0.0166382128372787,0.0025178706273436,-0.2044653221964835,0.17883283644914622,-0.022048920392990057,-0.2145908884704113,0.340325815603137,0.09559357166290283,-0.2194033954292536,0.352977608796209,0.10157036781311035,-0.2171810232102871,0.41476453095674515,0.09703952074050903,-0.2518312744796276
-0.0167658468708395,0.0020560850971378,-0.2045064494013785,0.0722971968352793,-0.0210654735565185,-0.2100610733032226,0.1912256744690238,0.07707220315933228,-0.2101289778947831,0.19855956593528382,0.0869826078414917,-0.2078790925443173,0.2481007203459739,0.08300149440765381,-0.24777503684163088
-0.0157875972799956,0.0014480635582002999,-0.2086677625775336,0.054227993940003195,-0.017740756273269653,-0.2145269289612769,0.057773746550083105,0.039542198181152344,-0.22221731394529337,0.0492250919342041,0.04394364356994629,-0.2203139960765839,0.061696132645010796,0.04783231019973755,-0.2589328940957784
-0.0178137505427002,-0.00036017815727971557,-0.21224316954612732,0.008894205093383796,-0.019480645656585638,-0.2115859836339949,-0.072240935638547,-0.014932513236999512,-0.2181428130716086,-0.0900682061910629,-0.015860915184020996,-0.21569772250950342,-0.10756221786141401,0.003984987735748291,-0.24873902648687357
-0.0311764255166052,-0.0023000700748524,-0.21096832305192942,-0.13923927024006838,-0.00606989860534668,-0.20811235904693598,-0.3437255769968032,0.000751793384552002,-0.21454926766455168,-0.3741910606622695,0.0010110735893249512,-0.2131986282765866,-0.4239293932914733,0.029817521572113037,-0.2759612500667571
-0.035002134740352506,-0.0067404240835457,-0.21080467849969858,-0.1766381636261939,-0.006369471549987793,-0.1929732114076614,-0.4810287952423095,0.013635873794555664,-0.1767048672772944,-0.5235791206359863,0.01659184694290161,-0.17233471479266882,-0.5923693776130676,0.07085150480270386,-0.22109405696392048
-0.038288226351141805,-0.0119598661549389,-0.2117277905344962,-0.2405616268515586,0.003470838069915716,-0.1899956464767455,-0.5770953446626662,0.017825663089752197,-0.19187694787979112,-0.6227669417858124,0.02159494161605835,-0.1881005316972731,-0.6931991428136826,0.09671634435653687,-0.2302496060729026
-0.0410997364670037,-0.0161295337602495,-0.21340561658143992,-0.2834489345550536,0.01342916488647461,-0.18392440676689142,-0.63978111743927,-0.006018936634063721,-0.1944816336035728,-0.6882727742195129,-0.00311124324798584,-0.19050696492195118,-0.7660789340734482,0.08305031061172485,-0.22471522539854039
-0.0475961081683635,-0.0196788758039473,-0.2139041125774382,-0.2967829257249832,0.006269544363021906,-0.1979861855506897,-0.6510908007621765,-0.05266439914703369,-0.22458372265100468,-0.6995644569396973,-0.05496656894683838,-0.22108597308397282,-0.7857892513275146,0.044453442096710205,-0.2495272159576415
-0.052039410918950896,-0.0227692183107137,-0.2141287475824355,-0.2863326147198676,0.002505034208297785,-0.22333318740129468,-0.647643119096756,-0.08704352378845215,-0.25920290499925613,-0.6975274682044983,-0.09471267461776733,-0.25557606667280186,-0.7955524325370789,-0.006373405456542969,-0.2804230451583861
-0.054084725677967,-0.0235866159200667,-0.2136270552873611,-0.2671436890959739,0.010565251111984253,-0.2467050775885581,-0.6097581535577774,-0.10526549816131592,-0.2770702689886093,-0.6582292765378951,-0.11700999736785889,-0.27496229112148285,-0.7644449472427368,-0.04714411497116089,-0.2989277467131614
-0.0550996530801057,-0.0235007889568804,-0.21226613223552698,-0.2305837273597717,0.006128191947937067,-0.2548246458172797,-0.5520478188991547,-0.12486231327056885,-0.3157948777079581,-0.60187728703022,-0.13836991786956787,-0.3157184198498725,-0.740799605846405,-0.07772988080978394,-0.341170772910118
-0.0551023297011852,-0.023052423261105903,-0.2122565135359763,-0.1234608478844166,-0.00817018747329712,-0.2519090548157691,-0.4214145615696906,-0.12787383794784546,-0.3184326216578483,-0.4592415541410446,-0.1396886706352234,-0.3156116753816604,-0.5451752841472625,-0.07544159889221191,-0.32533960044384
-0.0325915999710559,-0.0196058927103876,-0.21520415693521489,0.08604780910536651,-0.02006447315216059,-0.2350430339574813,0.01711163669824599,-0.0914614200592041,-0.26069987565279,0.0018491894006728848,-0.0969894528388977,-0.2586054131388663,-0.024218026548624094,-0.037356019020080566,-0.2550950571894645
-0.0265489071607588,-0.018511059693992,-0.21655153483152378,0.0919804018922149,-0.0423493087291717,-0.2239707633852958,-0.038550563156604795,-0.09854811429977417,-0.2264258349314331,-0.06347177922725669,-0.10261714458465576,-0.2217835295014083,-0.09905185177922239,-0.06302011013031006,-0.226396270096302
-0.0270275035873054,-0.0173280239105223,-0.2165372148156165,0.047326195985078895,-0.042688220739364624,-0.2194122076034545,0.021427396684885004,-0.0604894757270813,-0.2232689391821622,0.012289106845855699,-0.05679285526275635,-0.2183902151882648,0.0172432707622647,-0.03575551509857178,-0.2350308746099472
-0.0121143963187932,-0.010332039091736,-0.2164803072810172,0.1843434125185012,-0.04913106560707098,-0.22072389721870417,0.1547538805752992,-0.043211936950683594,-0.2141614276915787,0.1407458782196044,-0.04034346342086792,-0.20566894300282,0.1256143245846033,-0.018236100673675537,-0.2132350653409957
-0.0065354991238563,-0.0048126708716153006,-0.2159403339028358,0.23789690434932698,-0.04689735174179083,-0.2223676219582557,0.3028127923607825,-0.031338274478912354,-0.2151526771485805,0.3003326132893561,-0.029804229736328125,-0.20750125311315049,0.29475602507591236,-0.015177786350250244,-0.2158205434679984
-0.008068028837442301,-0.0007744786998954,-0.2105673849582671,0.2544021829962729,-0.037423521280288696,-0.2131369784474372,0.42907296121120453,-0.02335214614868164,-0.18782864138483998,0.440349280834198,-0.022610366344451904,-0.1810954846441745,0.4514202624559402,-0.0231209397315979,-0.1952468305826186
-0.011202949564903801,-0.00054947760327188,-0.20829911530017842,0.2878539711236953,-0.037622481584548895,-0.2194726988673209,0.544866144657135,-0.029724955558776855,-0.2121106907725333,0.5663279443979263,-0.030402839183807373,-0.2077990397810935,0.5776342302560806,-0.03783249855041504,-0.2262646481394767
-0.017566330730915,-0.0008691736729815001,-0.2070460021495818,0.32234083116054524,-0.04566478729248047,-0.22882349789142598,0.6148418486118317,-0.03264307975769043,-0.23308385908603663,0.6404463946819305,-0.032672762870788574,-0.23095696419477457,0.6587142646312713,-0.064780592918396,-0.2617936432361602
-0.0194411519914865,-0.0008913306664906999,-0.2063273414969443,0.34785251319408406,-0.05919811129570002,-0.22686599195003498,0.6429525017738342,-0.013798177242279053,-0.2327862828969955,0.6687021851539611,-0.011213958263397217,-0.2301185280084609,0.6945746541023254,-0.052720725536346436,-0.2588417828083037
-0.0198519770056008,-1.4307996025299968e-05,-0.2054428309202193,0.37495560944080353,-0.0548598170280456,-0.21237426996231068,0.6635127663612365,0.01711982488632202,-0.183552082744427,0.6881760358810424,0.022816956043243408,-0.1776151289232075,0.7139593660831451,-0.016812503337860107,-0.1940017193555831
-0.0157838421873747,0.0036568827927111,-0.2052569091320037,0.40716251730918884,-0.05024495720863342,-0.19626291841268528,0.6784245967864989,0.046137213706970215,-0.14402388315647838,0.7006805539131165,0.05502724647521973,-0.135380786843598,0.7313745617866516,0.021755874156951904,-0.14026661217212671
-0.011867620516568301,0.0057860603556035995,-0.2052221074700354,0.3973325788974762,-0.04620283842086792,-0.1962004080414771,0.6696557402610779,0.08129823207855225,-0.1421007551252842,0.7001542299985885,0.09556025266647339,-0.1327136792242527,0.7524416744709015,0.07304590940475464,-0.1361092589795588
-0.0120712784118949,0.0057148002088069,-0.2045292258262634,0.3505816459655761,-0.018509000539779608,-0.2052503786981105,0.5391405671834946,0.08597195148468018,-0.1754480004310608,0.5563190132379531,0.09607875347137451,-0.1677437731996179,0.5889905840158463,0.08870398998260498,-0.1881658807396887
-0.0265360791236161,0.0049418434500693,-0.2019980400800704,0.1767392233014106,-0.008127748966216986,-0.2166884653270244,0.3946431130170822,0.08520907163619995,-0.20939033851027491,0.42230788990855206,0.09491658210754395,-0.2058129962533713,0.4874601811170577,0.09428077936172485,-0.2442251853644847
-0.0347017738968133,0.003946768469177,-0.2013055235147476,0.1122554428875446,-0.017965644598007202,-0.2168957404792308,0.3003326840698718,0.09453326463699341,-0.2146745566278696,0.3183897472918032,0.10967594385147095,-0.21167019568383688,0.3765997737646102,0.09272700548171997,-0.2480270490050315
-0.035857843235135,0.0029409179696813,-0.2016743421554565,0.0009164139628410062,-0.020437806844711304,-0.2135665044188499,0.13563935644924638,0.0960649847984314,-0.2013495806604624,0.14630762487649918,0.10782480239868164,-0.19848806597292418,0.2043735235929488,0.08243381977081299,-0.2443474233150482
-0.041348241269588304,0.0014948375173843,-0.2061218991875648,-0.0534256789833308,-0.011956453323364313,-0.19718671590089792,0.006279811263084398,0.04335242509841919,-0.194551636930555,0.0072441995143891005,0.04794871807098389,-0.1945174005813896,0.03291476145386701,0.032274842262268066,-0.24902068078517908
-0.0501123834401368,0.00026842032093549997,-0.20641063153743738,-0.0898711802437901,5.960464478094174e-07,-0.1885905712842941,-0.1255057640373706,0.02220088243484497,-0.18894146033562723,-0.1370000280439853,0.024127960205078125,-0.1900187551509588,-0.142358485609293,0.02993673086166382,-0.2392486855387687
-0.0581176839768886,0.0002019608800765,-0.20611201226711268,-0.1692596562206744,0.016469836235046387,-0.1870790496468543,-0.3386400192975997,0.024369537830352783,-0.1835392229259015,-0.3648303598165511,0.025471627712249756,-0.18400045344606042,-0.4062257651239633,0.04783964157104492,-0.2369512319564818
-0.058007476851344,-0.0013338771532288001,-0.2059105485677718,-0.181616973131895,0.013406544923782349,-0.1864783689379692,-0.45918354392051686,0.023210585117340088,-0.1793301012367011,-0.498411014676094,0.026073873043060303,-0.17902373615652328,-0.5596353709697723,0.06987184286117554,-0.2263499274849891
-0.0580904986709355,-0.0016751842340453,-0.2058459445834159,-0.204688686877489,0.012059330940246527,-0.1857279017567634,-0.5702265501022338,0.019392013549804688,-0.17726822663098568,-0.6197178214788436,0.021773874759674072,-0.17549150367267433,-0.6789157390594482,0.13162899017333984,-0.21667897701263422
-0.051443604752421296,-0.0042577654821797,-0.2069040462374686,-0.1762397363781929,0.009627759456634577,-0.2069219574332236,-0.518531933426857,0.015719056129455566,-0.21762148290872557,-0.5667246729135513,0.017339646816253662,-0.2139115631580352,-0.6365503370761871,0.10922598838806152,-0.2461976185441016
-0.0513028260320424,-0.010058592539280601,-0.20689247548580159,-0.1959659494459629,-0.0050591230392456055,-0.194299854338169,-0.6019499003887177,-0.048845887184143066,-0.1880591548979281,-0.6566327810287476,-0.0530318021774292,-0.1830759942531584,-0.7471275925636292,0.05705070495605469,-0.21397450566291798
-0.0519304294139146,-0.010787961538881001,-0.2063878104090689,-0.22426513582468022,-0.003080606460571289,-0.2039043828845023,-0.6112441420555115,-0.07392334938049316,-0.2064347229897975,-0.6626998484134674,-0.08028453588485718,-0.20337570086121548,-0.7492626309394836,0.01992487907409668,-0.2321120649576186
-0.0565699320286511,-0.010836636647582,-0.206010416150093,-0.2298773638904094,-0.0017728209495544989,-0.2418775781989097,-0.5913712531328201,-0.086031973361969,-0.2967041619122028,-0.6414326131343842,-0.09477990865707397,-0.2973691299557685,-0.7347878217697144,-0.01727229356765747,-0.3339240252971649
-0.0608575474470853,-0.0108979465439915,-0.2060964107513426,-0.20799607411026938,-0.000940173864364624,-0.2606089264154434,-0.5831704437732695,-0.10796910524368286,-0.325232695788145,-0.6309041678905486,-0.11958879232406616,-0.32682003825902933,-0.7451449334621429,-0.05022120475769043,-0.3653124570846557
-0.0606936886906623,-0.0116246338002383,-0.2077394425868987,-0.17779099754989142,-0.00737917423248291,-0.2570550143718718,-0.4769004136323928,-0.10672473907470703,-0.2867232970893382,-0.5162367522716522,-0.11654454469680786,-0.2835320420563221,-0.6069749295711517,-0.050990402698516846,-0.2998618632555007
-0.055933583527803296,-0.0120708402246236,-0.2126828879117964,-0.0618394277989864,-0.017421573400497437,-0.2446109429001807,-0.4000992998480796,-0.12001204490661621,-0.2466177120804785,-0.418529912829399,-0.12962639331817627,-0.2396609485149383,-0.48418913781642914,-0.06503921747207642,-0.25226392596960057
-0.046989470720291096,-0.0111647467128931,-0.2158014997839927,0.0517959594726562,-0.04444485902786249,-0.23304576426744458,-0.0917697437107563,-0.11331665515899658,-0.2284369766712188,-0.11364986002445218,-0.12002533674240112,-0.2208482120186089,-0.1521022915840148,-0.07850533723831177,-0.225315012037754
-0.0483309123665093,-0.0110965706408023,-0.2156122177839278,0.0376717746257782,-0.05204030871391291,-0.2173344418406486,-0.098916576243937,-0.10565060377120972,-0.18292608484625822,-0.12367587629705672,-0.11063563823699951,-0.1746134981513024,-0.1612380892038344,-0.0698096752166748,-0.1888931561261416
-0.0465412586927413,-0.0094628515653311,-0.2154278829693794,0.0841515995562077,-0.05056047439575195,-0.2182636111974716,0.006720189005136497,-0.0692787766456604,-0.17052621766924858,-0.012655835598707199,-0.06992042064666748,-0.1557950004935265,-0.03458973392844201,-0.0440669059753418,-0.1692923647351563
-0.021605174988508197,-0.0051969822961835995,-0.2188029959797859,0.18789745867252342,-0.0607014000415802,-0.2346161678433417,0.1035320758819579,-0.07102727890014648,-0.2247141674160957,0.0811085291206835,-0.07208430767059326,-0.212278414517641,0.040722340345382704,-0.03315258026123047,-0.1945944800972937
-0.0090118381194769,-0.0021118104923515003,-0.2200695127248763,0.24825678020715702,-0.06947460770606989,-0.24754518270492548,0.22977907955646498,-0.0728866457939148,-0.2423918284475802,0.2157924026250838,-0.07418417930603027,-0.2313180416822432,0.1884289681911469,-0.038604140281677246,-0.2152474597096443
-0.0101448064669966,-0.0003463295070105108,-0.2199952900409697,0.259612314403057,-0.07501143217086792,-0.2519342526793479,0.32066941261291504,-0.07620251178741455,-0.2582128718495368,0.3166231587529181,-0.07811933755874634,-0.2491451129317283,0.3035249612294138,-0.05352109670639038,-0.2476784363389015
-0.0112780374474822,0.00023762646014799998,-0.2162989079952239,0.2480891495943068,-0.0713026225566864,-0.2555877566337584,0.4054870307445525,-0.07353812456130981,-0.271440926939249,0.4143776297569274,-0.07496386766433716,-0.2662477679550647,0.4148473348468542,-0.05945718288421631,-0.2819515094161033
-0.0133416107855737,0.0008857871871441,-0.21210516989231099,0.2565056458115577,-0.05743220448493952,-0.2501876875758171,0.4726583212614059,-0.07075279951095581,-0.2846281230449675,0.4885202348232269,-0.07307761907577515,-0.2804476395249366,0.49226556345820416,-0.07173717021942139,-0.3029062971472739
-0.01369946077466,0.0014634470862801001,-0.2089757248759269,0.2755442112684249,-0.051302760839462225,-0.2480844035744666,0.5197362899780273,-0.0695839524269104,-0.2851142995059489,0.5387287437915801,-0.0726020336151123,-0.2825629003345966,0.546950191259384,-0.07747864723205566,-0.3117516934871672
-0.0174438469111918,0.0020745383808388,-0.2068100124597549,0.2819356098771094,-0.04386985301971441,-0.2471005916595458,0.5375398099422454,-0.06414496898651123,-0.295114155858755,0.5582028627395629,-0.06773418188095093,-0.29568972438573826,0.5689081251621245,-0.07740521430969238,-0.3280312120914458
-0.0178989069536327,0.0025294020306318,-0.2052498236298561,0.2880067527294159,-0.03891828656196589,-0.2423027679324149,0.5356005430221558,-0.05657756328582764,-0.2768860682845114,0.555839568376541,-0.05982089042663574,-0.2759507708251476,0.5662396401166915,-0.07096672058105469,-0.3019324541091918
-0.0182402553036808,0.0035485200351103,-0.20392771810293192,0.2934075891971587,-0.033107310533523504,-0.2352119982242584,0.5413396954536438,-0.04138505458831787,-0.26275735348463053,0.5618518888950348,-0.04375815391540527,-0.2615504153072833,0.5754957944154739,-0.06024277210235596,-0.286387339234352
-0.0189916212111711,0.0065911265555768,-0.2038414180278777,0.2844828218221664,-0.019942283630371094,-0.2312660738825797,0.5392667949199677,-0.009278476238250732,-0.2590742893517016,0.558241993188858,-0.01005619764328003,-0.2578698545694351,0.5731052458286285,-0.03507274389266968,-0.28664620220661163
-0.0234560491517185,0.0080143192317336,-0.2017109692096709,0.2455220520496367,-0.006459325551986694,-0.2266602516174315,0.486971154808998,0.02752310037612915,-0.24429545924067492,0.5064985156059265,0.02963775396347046,-0.2424331195652484,0.5270214974880219,0.007391154766082764,-0.2743236422538756
-0.0301565723493694,0.0071711174678057,-0.2018550857901572,0.13813685625791539,-0.009126514196395819,-0.2202092558145522,0.0925299189984799,0.0004004240036010742,-0.2218927182257175,0.07760769128799441,0.0010738372802734375,-0.2169785499572753,0.0399321662262081,0.0005653500556945801,-0.23621182143688202
-0.0323867443948984,0.0068632147740572,-0.201341688632965,0.1224696040153503,-0.013750970363616999,-0.21292749047279347,0.2591189071536063,0.03760683536529541,-0.2052835798822343,0.26854236423969263,0.04640740156173706,-0.2003034583758562,0.2549730613827704,0.03356403112411499,-0.2224487662315368
-0.0325871370732784,0.0063295627478509,-0.2032836452126502,0.10955437645316118,-0.01794415712356562,-0.21158156543970102,0.276323027908802,0.037672579288482666,-0.2047442216426134,0.2887682318687438,0.0464777946472168,-0.20047203358262772,0.30866847932338715,0.034083664417266846,-0.2228774726390838
-0.0300423912703989,0.006335682235658,-0.204393021762371,0.1030164472758769,-0.01702982187271118,-0.2113669514656066,0.2713785916566848,0.06360185146331787,-0.20510715618729589,0.2868919521570205,0.07446300983428955,-0.2021612646058202,0.3195726871490478,0.05441617965698242,-0.23983920738101
-0.0193589199334382,0.0064383978024124,-0.20480294525623322,0.1024034172296523,-0.011429250240325872,-0.207863550633192,0.2322300188243388,0.0792856216430664,-0.2142375595867634,0.239572200924158,0.0915292501449585,-0.21410252153873452,0.2788346409797668,0.05548095703125,-0.2534735295921564
-0.0028261394472792,0.005698560271412,-0.20533457398414612,0.1088633500039577,-0.010249644517898615,-0.20811962150037278,0.1824275702238082,0.051583170890808105,-0.218411535024643,0.18106193840503682,0.05878204107284546,-0.21810798719525343,0.2078488841652869,0.05328589677810669,-0.25671982951462263
0.0038480829680337,0.0052978990133851,-0.20640677213668812,0.09884722530841819,-0.006914079189300537,-0.2103259656578301,0.1481996029615401,0.05079162120819092,-0.21968082338571548,0.1447622589766979,0.05718296766281128,-0.2195489220321179,0.1697290865704417,0.04873567819595337,-0.2646046821027994
0.0089237559586763,0.0050244331359862,-0.2075343951582908,0.0922032929956912,-0.0039012432098389227,-0.21124850213527668,0.08815959841012941,0.039949655532836914,-0.2212796956300736,0.0784554369747638,0.04432809352874756,-0.2205787375569343,0.0930038318037987,0.04740720987319946,-0.26270430721342547
0.0120220333337783,0.0045755167957394,-0.2087404653429984,0.0894937943667173,-0.003718107938766424,-0.21258682385087,0.067715674638748,0.032036542892456055,-0.22425575181841859,0.0561003778129816,0.035637080669403076,-0.22320250421762472,0.06561429053545,0.046555161476135254,-0.2626006957143544
0.014091440476477,0.0039775638142599,-0.21009019762277592,0.0792294926941394,-0.0038517415523529053,-0.2139186300337314,0.0604114402085541,0.031195461750030518,-0.22721206396818167,0.0494121741503476,0.03498119115829468,-0.2260703667998314,0.06226394325494769,0.046894729137420654,-0.26536771282553673
0.015551258344203199,0.0037727403687312,-0.2107905894517897,0.0787612665444612,-0.0023742020130156916,-0.2143331579864024,0.0625591538846492,0.028496205806732178,-0.22773128747940058,0.0515348333865403,0.03171730041503906,-0.2262707240879536,0.061116978526115404,0.041001975536346436,-0.2638535480946302
0.016100166365504202,0.00359027471859,-0.2125519141554831,0.0744263194501399,-0.002380847930908203,-0.2146194502711295,0.059040444903075605,0.02665400505065918,-0.22756519541144368,0.0476857111789285,0.02980417013168335,-0.22589954361319542,0.0585069805383682,0.03784734010696411,-0.2628349363803862
0.0163844963535665,0.0035624953452497,-0.21368168294429768,0.07785560563206659,-0.0012552738189697266,-0.2165465988218783,0.055463742930442,0.0278739333152771,-0.2296246588230133,0.0445800155284814,0.03116697072982788,-0.22798307985067373,0.05505971983075139,0.036797165870666504,-0.26339617371559143
0.0158950528129934,0.0037901367759331003,-0.2137096524238585,0.0816919580101966,0.0007053613662719171,-0.2131479773670434,0.0544723044149577,0.026827573776245117,-0.2240483574569226,0.0460795976687223,0.02971494197845459,-0.2224963754415513,0.06052809208631509,0.03356802463531494,-0.2545692799612879
0.0153336087241768,0.003981127985753,-0.2139684557914733,0.0785566214472054,0.004608631134033203,-0.2134050019085407,0.0531752947717905,0.025070607662200928,-0.22464598342776299,0.0448030950501561,0.027087271213531494,-0.2230559512972832,0.0546765401959419,0.026571989059448242,-0.2473911819979548
0.0088115548714994,0.0016743389423935,-0.2140492945909499,0.0744956843554973,-0.001652687788009588,-0.20482219383120528,0.0618946168106048,0.009696364402770996,-0.205447793006897,0.0535589386709035,0.01102292537689209,-0.2016811519861222,0.0621926970779896,0.014776825904846191,-0.2235963381826877
-0.00037080955371479997,0.0003046490164706,-0.21424033492803568,0.0591741679236292,-0.008249014616012573,-0.2005777843296527,0.0597407785244285,0.00031131505966186523,-0.2052206704393029,0.050878278620075296,0.0015063285827636719,-0.20198035426437858,0.05533738806843759,0.0045986175537109375,-0.22790148109197608
-0.0064575639553367,-0.00011298480967519999,-0.2148682922124862,0.043261247919872396,-0.009709805250167847,-0.19999405369162548,0.0511921407887712,-0.0029151439666748047,-0.20552707556635139,0.042984904255718,-0.002147972583770752,-0.2022224059328437,0.0462799109518528,-0.003992795944213867,-0.2285944148898124
-0.0122595191933214,-0.0003697383581311075,-0.21461597830057128,0.0330696972087026,-0.010506600141525269,-0.1986960284411906,0.0447549596428871,-0.005894482135772705,-0.2017270140349865,0.0373709453269839,-0.005307018756866455,-0.19819433614611628,0.03907760232687,-0.006140172481536865,-0.2259308770298957
-0.0159557797014712,-0.0007550974405603326,-0.2137128934264182,0.0253395810723305,-0.012161463499069214,-0.1911469250917433,0.0401539076119661,-0.013391673564910889,-0.17528138309717178,0.0331253204494715,-0.013526737689971924,-0.1693422235548496,0.0328022092580796,-0.01589745283126831,-0.1887222826480865
-0.018840963020920698,-0.0008749857661313,-0.2127296775579452,0.022230725735425998,-0.012708932161331232,-0.1853980850428342,0.0385547745972872,-0.014573752880096436,-0.1648626551032067,0.0318787954747676,-0.014644622802734375,-0.15858474373817438,0.030238755047321396,-0.019893109798431396,-0.1742493152269161
-0.0221722638234495,-0.0008950986230047001,-0.2124884128570556,0.0244242772459984,-0.01225358247756958,-0.1849467400461435,0.038182485848665196,-0.01317286491394043,-0.1716425120830536,0.03160352632403379,-0.01319652795791626,-0.1663090139627457,0.0299853533506393,-0.017890453338623047,-0.1835005242610349
-0.0261372178792953,-0.0009202720539177,-0.2118038907647132,0.021219890564680103,-0.01158240437507635,-0.1829105857759714,0.03792326152324681,-0.012459933757781982,-0.17035770416259768,0.03185600787401199,-0.012456893920898438,-0.16532052308321,0.030815102159976897,-0.018280208110809326,-0.1845924640074373
-0.027235216461122,-0.0007706127362325,-0.2114512622356414,0.0230620540678501,-0.010717719793319702,-0.183578623458743,0.0395410917699337,-0.00869739055633545,-0.1727923452854157,0.033616997301578494,-0.008390188217163086,-0.16796178370714188,0.03367436304688451,-0.012454032897949219,-0.18917663022875789
-0.0281416280195116,-0.00037585483369180457,-0.2112801000475882,0.024191282689571398,-0.009835809469222967,-0.1841958723962306,0.0399833098053933,-0.005758702754974365,-0.17491915076971062,0.034280743449926404,-0.005262136459350586,-0.170402504503727,0.0353267788887024,-0.007993221282958984,-0.1932555213570595
-0.0286966487765311,0.00012652183067990002,-0.2112637385725974,0.025869956240057904,-0.008206754922866821,-0.1849849205464123,0.04318680427968501,-0.003002464771270752,-0.17428926378488538,0.0376125462353229,-0.002067863941192627,-0.1696197614073754,0.0380555391311646,-0.005365133285522461,-0.19476019777357578
-0.0296938586980104,0.0003893577231792302,-0.21120071411132801,0.026031488552689504,-0.007769167423248291,-0.1858491618186235,0.042954202741384506,-0.0016641616821289062,-0.1768801212310791,0.0375233609229326,-0.0005548596382141113,-0.17306687682867058,0.038582827895879794,-0.004910647869110107,-0.2025486498605459
-0.030075903981924,0.0009709603036753,-0.21123294532299042,0.026816299185156798,-0.006940424442291204,-0.18802335485816002,0.043422695249319104,0.0013706088066101074,-0.1831305101513862,0.0378318056464195,0.0027895569801330566,-0.17981243133544927,0.0385913439095021,-0.0037627816200256348,-0.2104108445346355
